source,native,name,p_value,significant,description,term_size,query_size,intersection_size,effective_domain_size,precision,recall,query,parents
GO:CC,GO:0070062,extracellular exosome,1.138563827497116e-27,True,"""A vesicle that is released into the extracellular region by fusion of the limiting endosomal membrane of a multivesicular body with the plasma membrane. Extracellular exosomes, also simply called exosomes, have a diameter of about 40-100 nm."" [GOC:BHF, GOC:mah, GOC:vesicles, PMID:15908444, PMID:17641064, PMID:19442504, PMID:19498381, PMID:22418571, PMID:24009894]",2111,194,78,22149,0.4020618556701031,0.03694931312174325,query_1,"['GO:0005615', 'GO:1903561']"
GO:CC,GO:1903561,extracellular vesicle,2.942982871088198e-27,True,"""Any vesicle that is part of the extracellular region."" [GO_REF:0000064, GOC:pm, GOC:TermGenie, PMID:24769233]",2141,194,78,22149,0.4020618556701031,0.03643157403082672,query_1,"['GO:0031982', 'GO:0065010']"
GO:CC,GO:0043230,extracellular organelle,3.036782234676313e-27,True,"""Organized structure of distinctive morphology and function, occurring outside the cell. Includes, for example, extracellular membrane vesicles (EMVs) and the cellulosomes of anaerobic bacteria and fungi."" [GOC:jl, PMID:9914479]",2142,194,78,22149,0.4020618556701031,0.036414565826330535,query_1,"['GO:0005576', 'GO:0043226']"
GO:CC,GO:0065010,extracellular membrane-bounded organelle,3.036782234676313e-27,True,"""Organized structure of distinctive morphology and function, bounded by a lipid bilayer membrane and occurring outside the cell."" [GOC:isa_complete]",2142,194,78,22149,0.4020618556701031,0.036414565826330535,query_1,"['GO:0043227', 'GO:0043230']"
GO:CC,GO:0005739,mitochondrion,1.853286171382569e-19,True,"""A semiautonomous, self replicating organelle that occurs in varying numbers, shapes, and sizes in the cytoplasm of virtually all eukaryotic cells. It is notably the site of tissue respiration."" [GOC:giardia, ISBN:0198506732]",1844,194,63,22149,0.3247422680412371,0.034164859002169194,query_1,"['GO:0005737', 'GO:0043231']"
GO:BP,GO:0006119,oxidative phosphorylation,7.166398350095133e-19,True,"""The phosphorylation of ADP to ATP that accompanies the oxidation of a metabolite through the operation of the respiratory chain. Oxidation of compounds establishes a proton gradient across the membrane, providing the energy for ATP synthesis."" [ISBN:0198506732, ISBN:0471331309]",146,190,23,21026,0.12105263157894737,0.15753424657534246,query_1,['GO:0009060']
KEGG,KEGG:05208,Chemical carcinogenesis - reactive oxygen species,9.580890171553663e-19,True,Chemical carcinogenesis - reactive oxygen species,221,119,29,8484,0.24369747899159663,0.13122171945701358,query_1,['KEGG:00000']
GO:BP,GO:1902600,proton transmembrane transport,1.0136344388638292e-18,True,"""The directed movement of a proton across a membrane."" [GO_REF:0000069, GOC:pr, GOC:TermGenie]",190,190,25,21026,0.13157894736842105,0.13157894736842105,query_1,"['GO:0098655', 'GO:0098662']"
GO:CC,GO:0005615,extracellular space,2.5903872714722374e-18,True,"""That part of a multicellular organism outside the cells proper, usually taken to be outside the plasma membranes, and occupied by fluid."" [ISBN:0198547684]",3315,194,83,22149,0.42783505154639173,0.02503770739064857,query_1,"['GO:0005576', 'GO:0110165']"
GO:CC,GO:0031982,vesicle,3.3015509863020223e-18,True,"""Any small, fluid-filled, spherical organelle enclosed by membrane."" [GOC:mah, GOC:pz, GOC:vesicles]",4033,194,92,22149,0.4742268041237113,0.02281180262831639,query_1,['GO:0043227']
GO:CC,GO:0005740,mitochondrial envelope,7.701205536917636e-18,True,"""The double lipid bilayer enclosing the mitochondrion and separating its contents from the cell cytoplasm; includes the intermembrane space."" [GOC:ai, GOC:pz]",840,194,42,22149,0.21649484536082475,0.05,query_1,"['GO:0005739', 'GO:0031967']"
GO:CC,GO:0098803,respiratory chain complex,1.1662462297928606e-17,True,"""Any protein complex that is part of a respiratory chain."" [GOC:dos]",102,194,19,22149,0.0979381443298969,0.18627450980392157,query_1,['GO:0032991']
GO:BP,GO:0045333,cellular respiration,2.7734074061670238e-17,True,"""The enzymatic release of energy from inorganic and organic compounds (especially carbohydrates and fats) which either requires oxygen (aerobic respiration) or does not (anaerobic respiration)."" [GOC:das, ISBN:0140513590, ISBN:0198506732]",242,190,26,21026,0.1368421052631579,0.10743801652892562,query_1,['GO:0015980']
KEGG,KEGG:00190,Oxidative phosphorylation,3.136390078648501e-17,True,Oxidative phosphorylation,134,119,23,8484,0.19327731092436976,0.17164179104477612,query_1,['KEGG:00000']
GO:BP,GO:0009060,aerobic respiration,5.803518686822503e-17,True,"""The enzymatic release of energy from inorganic and organic compounds (especially carbohydrates and fats) which requires oxygen as the terminal electron acceptor."" [GOC:das, GOC:jl, ISBN:0140513590]",199,190,24,21026,0.12631578947368421,0.12060301507537688,query_1,['GO:0045333']
GO:BP,GO:0042775,mitochondrial ATP synthesis coupled electron transport,6.675546704891388e-17,True,"""The transfer of electrons through a series of electron donors and acceptors, generating energy that is ultimately used for synthesis of ATP, as it occurs in the mitochondrial inner membrane or chloroplast thylakoid membrane."" [GOC:mtg_sensu, ISBN:0716731363]",99,190,19,21026,0.1,0.1919191919191919,query_1,['GO:0042773']
GO:BP,GO:0042773,ATP synthesis coupled electron transport,6.675546704891388e-17,True,"""The transfer of electrons through a series of electron donors and acceptors, generating energy that is ultimately used for synthesis of ATP."" [ISBN:0716731363]",99,190,19,21026,0.1,0.1919191919191919,query_1,"['GO:0006119', 'GO:0022904']"
GO:MF,GO:0015078,proton transmembrane transporter activity,1.3461591090074204e-16,True,"""Enables the transfer of a proton from one side of a membrane to the other."" [GOC:ai]",186,190,23,20246,0.12105263157894737,0.12365591397849462,query_1,"['GO:0008324', 'GO:0022890']"
GO:CC,GO:0005737,cytoplasm,1.956040576429966e-16,True,"""The contents of a cell excluding the plasma membrane and nucleus, but including other subcellular structures."" [ISBN:0198547684]",12527,194,167,22149,0.8608247422680413,0.013331204598068172,query_1,"['GO:0005622', 'GO:0110165']"
GO:BP,GO:0022904,respiratory electron transport chain,1.3332655823993446e-15,True,"""A process in which a series of electron carriers operate together to transfer electrons from donors such as NADH and FADH2 to any of several different terminal electron acceptors to generate a transmembrane electrochemical gradient."" [GOC:mtg_electron_transport, ISBN:0716720094]",115,190,19,21026,0.1,0.16521739130434782,query_1,"['GO:0022900', 'GO:0045333']"
GO:BP,GO:0006091,generation of precursor metabolites and energy,1.350283031603084e-15,True,"""The chemical reactions and pathways resulting in the formation of precursor metabolites, substances from which energy is derived, and any process involved in the liberation of energy from these substances."" [GOC:jl]",478,190,32,21026,0.16842105263157894,0.06694560669456066,query_1,['GO:0008152']
GO:CC,GO:0031966,mitochondrial membrane,2.373393973874435e-15,True,"""Either of the lipid bilayers that surround the mitochondrion and form the mitochondrial envelope."" [GOC:mah, NIF_Subcellular:sao1045389829]",790,194,38,22149,0.1958762886597938,0.04810126582278481,query_1,"['GO:0005740', 'GO:0031090']"
KEGG,KEGG:05415,Diabetic cardiomyopathy,2.6797269423021616e-15,True,Diabetic cardiomyopathy,202,119,25,8484,0.21008403361344538,0.12376237623762376,query_1,['KEGG:00000']
GO:CC,GO:0005743,mitochondrial inner membrane,7.166587573185315e-15,True,"""The inner, i.e. lumen-facing, lipid bilayer of the mitochondrial envelope. It is highly folded to form cristae."" [GOC:ai]",514,194,31,22149,0.15979381443298968,0.06031128404669261,query_1,"['GO:0019866', 'GO:0031966']"
GO:BP,GO:0022900,electron transport chain,8.024877458141375e-15,True,"""A process in which a series of electron carriers operate together to transfer electrons from donors to any of several different terminal electron acceptors."" [GOC:mtg_electron_transport]",126,190,19,21026,0.1,0.15079365079365079,query_1,['GO:0006091']
GO:BP,GO:0019646,aerobic electron transport chain,1.1085868994516881e-14,True,"""A process in which a series of electron carriers operate together to transfer electrons from donors such as NADH and FADH2 to oxygen to generate a transmembrane electrochemical gradient."" [GOC:ai, GOC:mtg_electron_transport]",91,190,17,21026,0.08947368421052632,0.18681318681318682,query_1,"['GO:0006119', 'GO:0009060', 'GO:0022904']"
KEGG,KEGG:05012,Parkinson disease,1.8611397184736065e-14,True,Parkinson disease,265,119,27,8484,0.226890756302521,0.1018867924528302,query_1,['KEGG:00000']
KEGG,KEGG:05020,Prion disease,3.2945947430800675e-14,True,Prion disease,271,119,27,8484,0.226890756302521,0.0996309963099631,query_1,['KEGG:00000']
KEGG,KEGG:04714,Thermogenesis,7.571932142132369e-14,True,Thermogenesis,232,119,25,8484,0.21008403361344538,0.10775862068965517,query_1,['KEGG:00000']
GO:CC,GO:0019866,organelle inner membrane,1.3528677094229628e-13,True,"""The inner, i.e. lumen-facing, lipid bilayer of an organelle envelope; usually highly selective to most ions and metabolites."" [GOC:mah]",571,194,31,22149,0.15979381443298968,0.0542907180385289,query_1,"['GO:0031090', 'GO:0031967']"
GO:CC,GO:0031967,organelle envelope,1.6186801256548268e-13,True,"""A double membrane structure enclosing an organelle, including two lipid bilayers and the region between them. In some cases, an organelle envelope may have more than two membranes."" [GOC:mah, GOC:pz]",1329,194,46,22149,0.23711340206185566,0.0346124905944319,query_1,"['GO:0043227', 'GO:0043229', 'GO:0110165']"
GO:BP,GO:0015980,energy derivation by oxidation of organic compounds,1.9569435943081577e-13,True,"""The chemical reactions and pathways by which a cell derives energy from organic compounds; results in the oxidation of the compounds from which energy is released."" [GOC:mah]",345,190,26,21026,0.1368421052631579,0.07536231884057971,query_1,['GO:0006091']
GO:CC,GO:0070161,anchoring junction,2.6378692900779293e-13,True,"""A cell junction that mechanically attaches a cell (and its cytoskeleton) to neighboring cells or to the extracellular matrix."" [ISBN:0815332181]",912,194,38,22149,0.1958762886597938,0.041666666666666664,query_1,['GO:0030054']
GO:CC,GO:0005576,extracellular region,3.4506488729927803e-13,True,"""The space external to the outermost structure of a cell. For cells without external protective or external encapsulating structures this refers to space outside of the plasma membrane. This term covers the host cell environment outside an intracellular parasite."" [GOC:go_curators]",4258,194,86,22149,0.44329896907216493,0.020197275716298733,query_1,['GO:0110165']
REAC,REAC:R-HSA-1428517,Aerobic respiration and respiratory electron transport,1.0058170192010386e-12,True,Aerobic respiration and respiratory electron transport,209,143,23,11004,0.16083916083916083,0.11004784688995216,query_1,['REAC:R-HSA-1430728']
GO:CC,GO:0016020,membrane,3.7486863887033925e-12,True,"""A lipid bilayer along with all the proteins and protein complexes embedded in it and attached to it."" [GOC:dos, GOC:mah, ISBN:0815316194]",9953,194,140,22149,0.7216494845360825,0.014066110720385813,query_1,['GO:0110165']
GO:MF,GO:0022853,active monoatomic ion transmembrane transporter activity,1.0974045717400049e-11,True,"""Enables the transfer of an ion from one side of a membrane to the other up the solute's concentration gradient. This is carried out by binding the solute and undergoing a series of conformational changes. Transport works equally well in either direction."" [GOC:mtg_transport, ISBN:0815340729]",118,190,16,20246,0.08421052631578947,0.13559322033898305,query_1,"['GO:0015075', 'GO:0015399']"
GO:MF,GO:0015399,primary active transmembrane transporter activity,1.465364600747333e-11,True,"""Enables the transfer of a solute from one side of a membrane to the other, up the solute's concentration gradient, by binding the solute and undergoing a series of conformational changes. Transport works equally well in either direction and is powered by a primary energy source. Primary energy sources known to be coupled to transport are chemical such as ATP hydrolysis, redox energy and photon energy."" [GOC:mtg_transport, PMID:31613498]",167,190,18,20246,0.09473684210526316,0.10778443113772455,query_1,['GO:0022804']
GO:BP,GO:0006811,monoatomic ion transport,1.8294556420302682e-11,True,"""The directed movement of a monoatomic ion into, out of or within a cell, or between cells, by means of some agent such as a transporter or pore. Monatomic ions (also called simple ions) are ions consisting of exactly one atom."" [GOC:ai]",1282,190,44,21026,0.23157894736842105,0.0343213728549142,query_1,['GO:0006810']
KEGG,KEGG:05010,Alzheimer disease,2.2509825151444712e-11,True,Alzheimer disease,382,119,28,8484,0.23529411764705882,0.07329842931937172,query_1,['KEGG:00000']
KEGG,KEGG:04932,Non-alcoholic fatty liver disease,2.7016256859786006e-11,True,Non-alcoholic fatty liver disease,154,119,19,8484,0.15966386554621848,0.12337662337662338,query_1,['KEGG:00000']
GO:MF,GO:0022804,active transmembrane transporter activity,1.1115219552613183e-10,True,"""Enables the transfer of a specific substance or related group of substances from one side of a membrane to the other, up the solute's concentration gradient. The transporter binds the solute and undergoes a series of conformational changes. Transport works equally well in either direction."" [GOC:mtg_transport, ISBN:0815340729]",458,190,26,20246,0.1368421052631579,0.056768558951965066,query_1,['GO:0022857']
GO:MF,GO:0015075,monoatomic ion transmembrane transporter activity,1.3423223954379346e-10,True,"""Enables the transfer of an ion from one side of a membrane to the other."" [GOC:dgf, GOC:mtg_transport, ISBN:0815340729]",868,190,35,20246,0.18421052631578946,0.04032258064516129,query_1,['GO:0022857']
GO:CC,GO:1990351,transporter complex,2.399777391090618e-10,True,"""A protein complex facilitating transport of molecules (proteins, small molecules, nucleic acids) into, out of or within a cell, or between cells."" [GOC:bhm, PMID:15449578]",518,194,26,22149,0.13402061855670103,0.05019305019305019,query_1,['GO:0032991']
GO:CC,GO:0030055,cell-substrate junction,2.782694154534505e-10,True,"""A cell junction that forms a connection between a cell and the extracellular matrix."" [GOC:aruk, GOC:bc, GOC:hb, GOC:mah, PMID:10419689, PMID:1643657, PMID:16805308, PMID:26923917, PMID:8314002]",436,194,24,22149,0.12371134020618557,0.05504587155963303,query_1,['GO:0070161']
GO:BP,GO:0006123,"mitochondrial electron transport, cytochrome c to oxygen",2.985422628991708e-10,True,"""The transfer of electrons from cytochrome c to oxygen that occurs during oxidative phosphorylation, mediated by the multisubunit enzyme known as complex IV."" [ISBN:0716731363]",22,190,9,21026,0.04736842105263158,0.4090909090909091,query_1,"['GO:0019646', 'GO:0042775']"
GO:BP,GO:0034220,monoatomic ion transmembrane transport,3.2125234225177405e-10,True,"""A process in which a monoatomic ion is transported across a membrane. Monatomic ions (also called simple ions) are ions consisting of exactly one atom."" [GOC:mah]",1048,190,38,21026,0.2,0.03625954198473282,query_1,"['GO:0006811', 'GO:0055085']"
KEGG,KEGG:05016,Huntington disease,3.362815872783286e-10,True,Huntington disease,305,119,24,8484,0.20168067226890757,0.07868852459016394,query_1,['KEGG:00000']
REAC,REAC:R-HSA-611105,Respiratory electron transport,4.042458574482493e-10,True,Respiratory electron transport,112,143,16,11004,0.11188811188811189,0.14285714285714285,query_1,['REAC:R-HSA-1428517']
GO:CC,GO:1902495,transmembrane transporter complex,4.810760516734772e-10,True,"""A transmembrane protein complex which enables the transfer of a substance from one side of a membrane to the other."" [GOC:bhm, GOC:TermGenie, PMID:18024586]",490,194,25,22149,0.12886597938144329,0.05102040816326531,query_1,"['GO:0098796', 'GO:1990351']"
GO:MF,GO:0022857,transmembrane transporter activity,5.157086494817585e-10,True,"""Enables the transfer of a substance, usually a specific substance or a group of related substances, from one side of a membrane to the other."" [GOC:jid, GOC:mtg_transport, ISBN:0815340729]",1235,190,41,20246,0.21578947368421053,0.03319838056680162,query_1,['GO:0005215']
GO:MF,GO:0005215,transporter activity,5.228681655651621e-10,True,"""Enables the directed movement of substances (such as macromolecules, small molecules, ions) into, out of or within a cell, accross or in between cells."" [GOC:ai, GOC:dgf]",1351,190,43,20246,0.22631578947368422,0.03182827535159141,query_1,['GO:0003674']
GO:MF,GO:0015453,oxidoreduction-driven active transmembrane transporter activity,5.914251013001617e-10,True,"""Primary active transport of a solute across a membrane, driven by exothermic flow of electrons from a reduced substrate to an oxidized substrate. Primary active transport is catalysis of the transport of a solute across a membrane, up the solute's concentration gradient, by binding the solute and undergoing a series of conformational changes. Transport works equally well in either direction and is driven by a primary energy source."" [GOC:mtg_transport, ISBN:0815340729, TC:3.D.-.-.-]",66,190,12,20246,0.06315789473684211,0.18181818181818182,query_1,['GO:0015399']
KEGG,KEGG:05022,Pathways of neurodegeneration - multiple diseases,7.448227724475498e-10,True,Pathways of neurodegeneration - multiple diseases,474,119,29,8484,0.24369747899159663,0.06118143459915612,query_1,['KEGG:00000']
GO:CC,GO:1990204,oxidoreductase complex,1.1381871325745341e-09,True,"""Any protein complex that possesses oxidoreductase activity."" [GOC:bhm, PMID:18982432]",147,194,15,22149,0.07731958762886598,0.10204081632653061,query_1,['GO:1902494']
KEGG,KEGG:04260,Cardiac muscle contraction,1.1490272383027528e-09,True,Cardiac muscle contraction,87,119,14,8484,0.11764705882352941,0.16091954022988506,query_1,['KEGG:00000']
GO:CC,GO:0005925,focal adhesion,1.2794394296505175e-09,True,"""A cell-substrate junction that anchors the cell to the extracellular matrix and that forms a point of termination of actin filaments. In insects focal adhesion has also been referred to as hemi-adherens junction (HAJ)."" [GOC:aruk, GOC:bc, ISBN:0124325653, ISBN:0815316208, PMID:10419689, PMID:12191915, PMID:15246682, PMID:1643657, PMID:16805308, PMID:19197329, PMID:23033047, PMID:26923917, PMID:28796323, PMID:8314002]",426,194,23,22149,0.11855670103092783,0.0539906103286385,query_1,['GO:0030055']
GO:CC,GO:0070069,cytochrome complex,1.9786126512111017e-09,True,"""A protein complex in which at least one of the proteins is a cytochrome, i.e. a heme-containing protein involved in catalysis of redox reactions."" [GOC:mah]",32,194,9,22149,0.04639175257731959,0.28125,query_1,['GO:1902494']
GO:BP,GO:0006812,monoatomic cation transport,2.84864829459929e-09,True,"""The directed movement of a monoatomic cation, into, out of or within a cell, or between cells, by means of some agent such as a transporter or pore. Monatomic cations (also called simple cations) are positively charged ions consisting of exactly one atom."" [GOC:ai]",1069,190,37,21026,0.19473684210526315,0.03461178671655753,query_1,['GO:0006811']
GO:CC,GO:0031090,organelle membrane,4.097856384720523e-09,True,"""A membrane that is one of the two lipid bilayers of an organelle envelope or the outermost membrane of single membrane bound organelle."" [GOC:dos, GOC:mah]",3842,194,73,22149,0.37628865979381443,0.019000520562207183,query_1,"['GO:0016020', 'GO:0043227']"
GO:MF,GO:0015318,inorganic molecular entity transmembrane transporter activity,4.862807987925912e-09,True,"""Enables the transfer of an inorganic molecular entity from the outside of a cell to the inside of the cell across a membrane. An inorganic molecular entity is a molecular entity that contains no carbon."" [GOC:mtg_transport, ISBN:0815340729]",827,190,32,20246,0.16842105263157894,0.03869407496977025,query_1,['GO:0022857']
GO:BP,GO:0055085,transmembrane transport,5.8658704160565e-09,True,"""The process in which a solute is transported across a lipid bilayer, from one side of a membrane to the other."" [GOC:dph, GOC:jid]",1578,190,45,21026,0.23684210526315788,0.028517110266159697,query_1,"['GO:0006810', 'GO:0009987']"
GO:CC,GO:0098796,membrane protein complex,6.942513315850427e-09,True,"""Any protein complex that is part of a membrane."" [GOC:dos]",1393,194,40,22149,0.20618556701030927,0.028715003589375447,query_1,"['GO:0016020', 'GO:0032991']"
GO:MF,GO:0051015,actin filament binding,7.793133467124034e-09,True,"""Binding to an actin filament, also known as F-actin, a helical filamentous polymer of globular G-actin subunits."" [ISBN:0198506732]",209,190,17,20246,0.08947368421052632,0.08133971291866028,query_1,"['GO:0003779', 'GO:0044877']"
GO:BP,GO:0098660,inorganic ion transmembrane transport,8.97557271597595e-09,True,"""The process in which an inorganic ion is transported across a membrane."" [GOC:mah]",944,190,34,21026,0.17894736842105263,0.036016949152542374,query_1,['GO:0055085']
GO:MF,GO:0050839,cell adhesion molecule binding,1.2286082467687372e-08,True,"""Binding to a cell adhesion molecule."" [GOC:ai]",564,190,26,20246,0.1368421052631579,0.04609929078014184,query_1,['GO:0005515']
KEGG,KEGG:05014,Amyotrophic lateral sclerosis,1.3367414799954425e-08,True,Amyotrophic lateral sclerosis,363,119,24,8484,0.20168067226890757,0.06611570247933884,query_1,['KEGG:00000']
GO:MF,GO:0016491,oxidoreductase activity,1.40683580294277e-08,True,"""Catalysis of an oxidation-reduction (redox) reaction, a reversible chemical reaction in which the oxidation state of an atom or atoms within a molecule is altered. One substrate acts as a hydrogen or electron donor and becomes oxidized, while the other acts as hydrogen or electron acceptor and becomes reduced."" [EC:1.-.-.-]",759,190,30,20246,0.15789473684210525,0.039525691699604744,query_1,['GO:0003824']
GO:MF,GO:0003779,actin binding,1.764171618670529e-08,True,"""Binding to monomeric or multimeric forms of actin, including actin filaments."" [GOC:clt]",442,190,23,20246,0.12105263157894737,0.05203619909502263,query_1,['GO:0008092']
GO:BP,GO:0098655,monoatomic cation transmembrane transport,2.98965497509129e-08,True,"""The process in which a monoatomic cation is transported across a membrane. Monatomic cations (also called simple cations) are positively charged ions consisting of exactly one atom."" [GOC:dos, GOC:vw]",877,190,32,21026,0.16842105263157894,0.036488027366020526,query_1,"['GO:0006812', 'GO:0034220']"
GO:BP,GO:0009259,ribonucleotide metabolic process,5.311757268779713e-08,True,"""The chemical reactions and pathways involving a ribonucleotide, a compound consisting of ribonucleoside (a base linked to a ribose sugar) esterified with a phosphate group at either the 3' or 5'-hydroxyl group of the sugar."" [GOC:go_curators, ISBN:0198506732]",372,190,21,21026,0.11052631578947368,0.056451612903225805,query_1,"['GO:0009117', 'GO:0019693']"
GO:MF,GO:0022890,inorganic cation transmembrane transporter activity,5.6913286592250605e-08,True,"""Enables the transfer of inorganic cations from one side of a membrane to the other. Inorganic cations are atoms or small molecules with a positive charge that do not contain carbon in covalent linkage."" [GOC:ai, GOC:mtg_transport, ISBN:0815340729]",702,190,28,20246,0.14736842105263157,0.039886039886039885,query_1,['GO:0015318']
GO:BP,GO:0098662,inorganic cation transmembrane transport,7.392640207360106e-08,True,"""A process in which an inorganic cation is transported from one side of a membrane to the other by means of some agent such as a transporter or pore."" [GOC:mah]",854,190,31,21026,0.1631578947368421,0.03629976580796253,query_1,['GO:0098660']
GO:BP,GO:0019693,ribose phosphate metabolic process,7.89953572149604e-08,True,"""The chemical reactions and pathways involving ribose phosphate, any phosphorylated ribose sugar."" [GOC:ai]",380,190,21,21026,0.11052631578947368,0.05526315789473684,query_1,"['GO:0006796', 'GO:0019637', 'GO:1901135']"
GO:CC,GO:0005903,brush border,8.03248662983696e-08,True,"""The dense covering of microvilli on the apical surface of an epithelial cell in tissues such as the intestine, kidney, and choroid plexus; the microvilli aid absorption by increasing the surface area of the cell."" [GOC:sl, ISBN:0815316194]",110,194,12,22149,0.061855670103092786,0.10909090909090909,query_1,['GO:0098862']
GO:CC,GO:0098858,actin-based cell projection,8.162437738179602e-08,True,"""A cell projection supported by an assembly of actin filaments, and which lacks microtubules."" [PMID:15661519]",232,194,16,22149,0.08247422680412371,0.06896551724137931,query_1,['GO:0120025']
GO:CC,GO:0098590,plasma membrane region,1.1466330348900232e-07,True,"""A membrane that is a (regional) part of the plasma membrane."" [GOC:dos]",1332,194,37,22149,0.19072164948453607,0.027777777777777776,query_1,"['GO:0005886', 'GO:0016020']"
GO:CC,GO:0098862,cluster of actin-based cell projections,1.2830028008902905e-07,True,"""A cell part consisting of multiple, closely packed actin-based cell projections."" [GOC:dos]",172,194,14,22149,0.07216494845360824,0.08139534883720931,query_1,['GO:0110165']
KEGG,KEGG:04530,Tight junction,1.4307209951354402e-07,True,Tight junction,170,119,16,8484,0.13445378151260504,0.09411764705882353,query_1,['KEGG:00000']
GO:BP,GO:0030029,actin filament-based process,1.5267216380139594e-07,True,"""Any cellular process that depends upon or alters the actin cytoskeleton, that part of the cytoskeleton comprising actin filaments and their associated proteins."" [GOC:mah]",825,190,30,21026,0.15789473684210525,0.03636363636363636,query_1,['GO:0009987']
GO:MF,GO:0008324,monoatomic cation transmembrane transporter activity,1.951528247818879e-07,True,"""Enables the transfer of cation from one side of a membrane to the other."" [GOC:dgf, GOC:mtg_transport, ISBN:0815340729]",741,190,28,20246,0.14736842105263157,0.037786774628879895,query_1,['GO:0015075']
GO:MF,GO:0045296,cadherin binding,2.419223480068222e-07,True,"""Binding to cadherin, a type I membrane protein involved in cell adhesion."" [GOC:bf]",335,190,19,20246,0.1,0.056716417910447764,query_1,['GO:0050839']
GO:MF,GO:0009055,electron transfer activity,4.487038937255752e-07,True,"""A molecular function representing the directed movement of electrons from one molecular entity to another, typically mediated by electron carriers or acceptors, resulting in the transfer of energy and/or the reduction-oxidation (redox) transformation of chemical species. This activity is fundamental to various biological processes, including cellular respiration and photosynthesis, as well as numerous enzymatic reactions involved in metabolic pathways."" [Wikipedia:Electron_transfer]",114,190,12,20246,0.06315789473684211,0.10526315789473684,query_1,['GO:0003674']
GO:BP,GO:0032970,regulation of actin filament-based process,4.64895256401206e-07,True,"""Any process that modulates the frequency, rate or extent of any cellular process that depends upon or alters the actin cytoskeleton."" [GOC:mah]",376,190,20,21026,0.10526315789473684,0.05319148936170213,query_1,"['GO:0030029', 'GO:0050794']"
GO:BP,GO:0046034,ATP metabolic process,6.254073579530531e-07,True,"""The chemical reactions and pathways involving ATP, adenosine triphosphate, a universally important coenzyme and enzyme regulator."" [GOC:go_curators]",229,190,16,21026,0.08421052631578947,0.06986899563318777,query_1,"['GO:0009150', 'GO:0009205']"
GO:CC,GO:0015629,actin cytoskeleton,6.567487048876023e-07,True,"""The part of the cytoskeleton (the internal framework of a cell) composed of actin and associated proteins. Includes actin cytoskeleton-associated complexes."" [GOC:jl, ISBN:0395825172, ISBN:0815316194]",534,194,22,22149,0.1134020618556701,0.04119850187265917,query_1,['GO:0005856']
GO:BP,GO:0051179,localization,8.397534912463192e-07,True,"""Any process in which a cell, a substance, or a cellular entity, such as a protein complex or organelle, is transported, tethered to or otherwise maintained in a specific location. In the case of substances, localization may also be achieved via selective degradation."" [GOC:ai, GOC:dos]",5555,190,90,21026,0.47368421052631576,0.016201620162016202,query_1,['GO:0008150']
GO:BP,GO:0009150,purine ribonucleotide metabolic process,1.0019055534080423e-06,True,"""The chemical reactions and pathways involving a purine ribonucleotide, a compound consisting of ribonucleoside (a purine base linked to a ribose sugar) esterified with a phosphate group at either the 3' or 5'-hydroxyl group of the sugar."" [GOC:go_curators, ISBN:0198506732]",351,190,19,21026,0.1,0.05413105413105413,query_1,"['GO:0006163', 'GO:0009259']"
KEGG,KEGG:04810,Regulation of actin cytoskeleton,1.4044710755377868e-06,True,Regulation of actin cytoskeleton,227,119,17,8484,0.14285714285714285,0.07488986784140969,query_1,['KEGG:00000']
GO:BP,GO:0032532,regulation of microvillus length,2.3659592366530673e-06,True,"""A process that modulates the length of a microvillus."" [GOC:mah]",7,190,5,21026,0.02631578947368421,0.7142857142857143,query_1,"['GO:0032530', 'GO:0032536']"
GO:CC,GO:0045277,respiratory chain complex IV,2.3691238484633944e-06,True,"""A part of the respiratory chain, containing the 13 polypeptide subunits of cytochrome c oxidase, including cytochrome a and cytochrome a3. Catalyzes the oxidation of reduced cytochrome c by dioxygen (O2)."" [ISBN:0198547684]",18,194,6,22149,0.030927835051546393,0.3333333333333333,query_1,"['GO:0070069', 'GO:0098803', 'GO:1902495', 'GO:1990204']"
GO:CC,GO:0045177,apical part of cell,2.5001386617430757e-06,True,"""The region of a polarized cell that forms a tip or is distal to a base. For example, in a polarized epithelial cell, the apical region has an exposed surface and lies opposite to the basal lamina that separates the epithelium from other tissue."" [GOC:mah, ISBN:0815316194]",474,194,20,22149,0.10309278350515463,0.04219409282700422,query_1,['GO:0110165']
GO:BP,GO:0007015,actin filament organization,2.687319249015673e-06,True,"""A process that is carried out at the cellular level which results in the assembly, arrangement of constituent parts, or disassembly of cytoskeletal structures comprising actin filaments. Includes processes that control the spatial distribution of actin filaments, such as organizing filaments into meshworks, bundles, or other structures, as by cross-linking."" [GOC:mah]",461,190,21,21026,0.11052631578947368,0.0455531453362256,query_1,"['GO:0030036', 'GO:0097435']"
GO:BP,GO:0009205,purine ribonucleoside triphosphate metabolic process,2.688163850918168e-06,True,"""The chemical reactions and pathways involving purine ribonucleoside triphosphate, a compound consisting of a purine base linked to a ribose sugar esterified with triphosphate on the sugar."" [GOC:go_curators, ISBN:0198506732]",253,190,16,21026,0.08421052631578947,0.06324110671936758,query_1,"['GO:0009144', 'GO:0009199']"
GO:BP,GO:0051234,establishment of localization,2.6910061624812315e-06,True,"""Any process that localizes a substance or cellular component. This may occur via movement, tethering or selective degradation."" [GOC:ai, GOC:dos]",4928,190,82,21026,0.43157894736842106,0.016639610389610388,query_1,['GO:0051179']
GO:BP,GO:0006810,transport,3.2878585148613617e-06,True,"""The directed movement of substances (such as macromolecules, small molecules, ions) or cellular components (such as complexes and organelles) into, out of or within a cell, or between cells, or within a multicellular organism by means of some agent such as a transporter or a transporter complex, a pore or a motor protein."" [GOC:dos, GOC:dph, GOC:jl, GOC:mah]",4407,190,76,21026,0.4,0.017245291581574767,query_1,['GO:0051234']
GO:BP,GO:0009199,ribonucleoside triphosphate metabolic process,3.9903342782185554e-06,True,"""The chemical reactions and pathways involving a ribonucleoside triphosphate, a compound consisting of a nucleobase linked to a ribose sugar esterified with triphosphate on the sugar."" [GOC:go_curators, ISBN:0198506732]",260,190,16,21026,0.08421052631578947,0.06153846153846154,query_1,['GO:0009141']
GO:BP,GO:0009144,purine nucleoside triphosphate metabolic process,3.9903342782185554e-06,True,"""The chemical reactions and pathways involving purine nucleoside triphosphate, a compound consisting of a purine base linked to a ribose or deoxyribose sugar esterified with triphosphate on the sugar."" [GOC:go_curators, ISBN:0198506732]",260,190,16,21026,0.08421052631578947,0.06153846153846154,query_1,['GO:0009141']
GO:BP,GO:0015986,proton motive force-driven ATP synthesis,4.230976731693387e-06,True,"""The chemical reactions and pathways resulting in the formation of ATP driven by transport of protons across a membrane to generate an electrochemical gradient (proton-motive force)."" [GOC:vw]",78,190,10,21026,0.05263157894736842,0.1282051282051282,query_1,['GO:0006754']
KEGG,KEGG:04670,Leukocyte transendothelial migration,5.247590879280279e-06,True,Leukocyte transendothelial migration,114,119,12,8484,0.10084033613445378,0.10526315789473684,query_1,['KEGG:00000']
GO:MF,GO:0005200,structural constituent of cytoskeleton,5.870902137814051e-06,True,"""The action of a molecule that contributes to the structural integrity of a cytoskeletal structure."" [GOC:mah]",114,190,11,20246,0.05789473684210526,0.09649122807017543,query_1,['GO:0005198']
GO:CC,GO:0071944,cell periphery,7.209574291266162e-06,True,"""The broad region around and including the plasma membrane of a cell, encompassing the cell cortex (inside the cell), the plasma membrane, and any external encapsulating structures."" [GOC:pdt]",6347,194,92,22149,0.4742268041237113,0.014495037025366315,query_1,['GO:0110165']
GO:BP,GO:0030855,epithelial cell differentiation,7.757563792145133e-06,True,"""The process in which a relatively unspecialized cell acquires specialized features of an epithelial cell, any of the cells making up an epithelium."" [GOC:ecd, PMID:11839751]",746,190,26,21026,0.1368421052631579,0.03485254691689008,query_1,"['GO:0030154', 'GO:0060429']"
KEGG,KEGG:04666,Fc gamma R-mediated phagocytosis,8.01576989403482e-06,True,Fc gamma R-mediated phagocytosis,96,119,11,8484,0.09243697478991597,0.11458333333333333,query_1,['KEGG:00000']
GO:BP,GO:0009117,nucleotide metabolic process,8.833946629076646e-06,True,"""The chemical reactions and pathways involving a nucleotide, a nucleoside that is esterified with (ortho)phosphate or an oligophosphate at any hydroxyl group on the glycose moiety; may be mono-, di- or triphosphate; this definition includes cyclic nucleotides (nucleoside cyclic phosphates)."" [GOC:ma]",493,190,21,21026,0.11052631578947368,0.04259634888438134,query_1,['GO:0006753']
GO:BP,GO:0009141,nucleoside triphosphate metabolic process,9.408043952435728e-06,True,"""The chemical reactions and pathways involving a nucleoside triphosphate, a compound consisting of a nucleobase linked to a deoxyribose or ribose sugar esterified with triphosphate on the sugar."" [GOC:go_curators, ISBN:0198506732]",276,190,16,21026,0.08421052631578947,0.057971014492753624,query_1,['GO:0006753']
GO:BP,GO:0051128,regulation of cellular component organization,1.0503724013923885e-05,True,"""Any process that modulates the frequency, rate or extent of a process involved in the formation, arrangement of constituent parts, or disassembly of cell structures, including the plasma membrane and any external encapsulating structures such as the cell wall and cell envelope."" [GOC:ai]",2433,190,51,21026,0.26842105263157895,0.02096177558569667,query_1,"['GO:0016043', 'GO:0050794']"
GO:BP,GO:0060429,epithelium development,1.1344451122075094e-05,True,"""The process whose specific outcome is the progression of an epithelium over time, from its formation to the mature structure. An epithelium is a tissue that covers the internal or external surfaces of an anatomical structure."" [GOC:dph, GOC:mtg_lung]",1238,190,34,21026,0.17894736842105263,0.027463651050080775,query_1,['GO:0009888']
REAC,REAC:R-HSA-195258,RHO GTPase Effectors,1.1872820086468141e-05,True,RHO GTPase Effectors,318,143,19,11004,0.13286713286713286,0.059748427672955975,query_1,['REAC:R-HSA-194315']
GO:CC,GO:0043227,membrane-bounded organelle,1.2628171952795058e-05,True,"""Organized structure of distinctive morphology and function, bounded by a single or double lipid bilayer membrane. Includes the nucleus, mitochondria, plastids, vacuoles, and vesicles. Excludes the plasma membrane."" [GOC:go_curators]",15780,194,170,22149,0.8762886597938144,0.010773130544993664,query_1,['GO:0043226']
GO:CC,GO:0005911,cell-cell junction,1.4066379556336912e-05,True,"""A cell junction that forms a connection between two or more cells of an organism; excludes direct cytoplasmic intercellular bridges, such as ring canals in insects."" [GOC:aruk, GOC:bc, GOC:dgh, GOC:hb, GOC:mah, PMID:21422226, PMID:28096264]",526,194,20,22149,0.10309278350515463,0.03802281368821293,query_1,['GO:0070161']
GO:BP,GO:0042776,proton motive force-driven mitochondrial ATP synthesis,1.8089710527491734e-05,True,"""The chemical reactions and pathways resulting in the formation of ATP driven by transport of protons across a mitochondrial membrane to generate an electrochemical gradient (proton-motive force)."" [GOC:vw]",67,190,9,21026,0.04736842105263158,0.13432835820895522,query_1,"['GO:0006119', 'GO:0015986']"
GO:BP,GO:0045216,cell-cell junction organization,2.0611041910191212e-05,True,"""A process that is carried out at the cellular level which results in the assembly, arrangement of constituent parts, or disassembly of a cell-cell junction. A cell-cell junction is a specialized region of connection between two cells."" [GOC:ai, GOC:dph, GOC:jl, GOC:mah]",215,190,14,21026,0.07368421052631578,0.06511627906976744,query_1,['GO:0034330']
GO:BP,GO:0030036,actin cytoskeleton organization,2.1931040259641833e-05,True,"""A process that is carried out at the cellular level which results in the assembly, arrangement of constituent parts, or disassembly of cytoskeletal structures comprising actin filaments and their associated proteins."" [GOC:dph, GOC:jl, GOC:mah]",729,190,25,21026,0.13157894736842105,0.03429355281207133,query_1,"['GO:0007010', 'GO:0030029']"
KEGG,KEGG:01100,Metabolic pathways,2.5749765038748545e-05,True,Metabolic pathways,1537,119,45,8484,0.37815126050420167,0.029277813923227064,query_1,['KEGG:00000']
GO:CC,GO:0016328,lateral plasma membrane,2.6431172280455667e-05,True,"""The portion of the plasma membrane at the lateral side of the cell. In epithelial cells, lateral plasma membranes are on the sides of cells which lie at the interface of adjacent cells."" [GOC:hb, GOC:mah, GOC:pr]",88,194,9,22149,0.04639175257731959,0.10227272727272728,query_1,"['GO:0005886', 'GO:0110165']"
GO:BP,GO:0006163,purine nucleotide metabolic process,2.8018961908921962e-05,True,"""The chemical reactions and pathways involving a purine nucleotide, a compound consisting of nucleoside (a purine base linked to a deoxyribose or ribose sugar) esterified with a phosphate group at either the 3' or 5'-hydroxyl group of the sugar."" [GOC:go_curators, ISBN:0198506732]",430,190,19,21026,0.1,0.044186046511627906,query_1,"['GO:0009117', 'GO:0072521']"
GO:CC,GO:0030054,cell junction,2.8067016110710772e-05,True,"""A cellular component that forms a specialized region of connection between two or more cells, or between a cell and the extracellular matrix, or between two membrane-bound components of a cell, such as flagella."" [GOC:aruk, GOC:bc, GOC:mah, ISBN:0198506732, PMID:26820516, PMID:28096264]",2401,194,47,22149,0.2422680412371134,0.019575177009579343,query_1,['GO:0110165']
GO:BP,GO:0097435,supramolecular fiber organization,3.513466717981341e-05,True,"""A process that is carried out at the cellular level which results in the assembly, arrangement of constituent parts, or disassembly of a supramolecular fiber, a polymer consisting of an indefinite number of protein or protein complex subunits that have polymerised to form a fiber-shaped structure."" [GOC:pr]",861,190,27,21026,0.14210526315789473,0.0313588850174216,query_1,['GO:0016043']
GO:MF,GO:0008092,cytoskeletal protein binding,3.5506465993887536e-05,True,"""Binding to a protein component of a cytoskeleton (actin, microtubule, or intermediate filament cytoskeleton)."" [GOC:mah]",1001,190,29,20246,0.15263157894736842,0.028971028971028972,query_1,['GO:0005515']
GO:BP,GO:0110053,regulation of actin filament organization,3.609783732212067e-05,True,"""Any process that modulates the frequency, rate or extent of actin filament organization."" [GOC:kmv]",263,190,15,21026,0.07894736842105263,0.057034220532319393,query_1,"['GO:0007015', 'GO:0032956', 'GO:1902903']"
REAC,REAC:R-HSA-9707564,Cytoprotection by HMOX1,4.0342300266184185e-05,True,Cytoprotection by HMOX1,62,143,9,11004,0.06293706293706294,0.14516129032258066,query_1,['REAC:R-HSA-9711123']
GO:CC,GO:0043296,apical junction complex,4.217716278131547e-05,True,"""A functional unit located near the cell apex at the points of contact between epithelial cells, which in vertebrates is composed of the tight junction, the zonula adherens, and desmosomes and in some invertebrates, such as Drosophila, is composed of the subapical complex (SAC), the zonula adherens and the septate junction. Functions in the regulation of cell polarity, tissue integrity and intercellular adhesion and permeability."" [GOC:go_curators, GOC:kmv, PMID:12525486, PMID:15196556]",155,194,11,22149,0.05670103092783505,0.07096774193548387,query_1,['GO:0005911']
GO:CC,GO:0005886,plasma membrane,4.2469265601300464e-05,True,"""The membrane surrounding a cell that separates the cell from its external environment. It consists of a phospholipid bilayer and associated proteins."" [ISBN:0716731363]",5866,194,85,22149,0.4381443298969072,0.014490282986703034,query_1,"['GO:0016020', 'GO:0071944']"
REAC,REAC:R-HSA-5628897,TP53 Regulates Metabolic Genes,5.2960772616901915e-05,True,TP53 Regulates Metabolic Genes,84,143,10,11004,0.06993006993006994,0.11904761904761904,query_1,['REAC:R-HSA-3700989']
REAC,REAC:R-HSA-1430728,Metabolism,5.332470390877241e-05,True,Metabolism,2100,143,54,11004,0.3776223776223776,0.025714285714285714,query_1,['REAC:0000000']
KEGG,KEGG:05130,Pathogenic Escherichia coli infection,5.549893382421652e-05,True,Pathogenic Escherichia coli infection,197,119,14,8484,0.11764705882352941,0.07106598984771574,query_1,['KEGG:00000']
GO:BP,GO:0006754,ATP biosynthetic process,5.939332944154075e-05,True,"""The chemical reactions and pathways resulting in the formation of ATP, adenosine 5'-triphosphate, a universally important coenzyme and enzyme regulator."" [GOC:go_curators, ISBN:0198506732]",102,190,10,21026,0.05263157894736842,0.09803921568627451,query_1,"['GO:0009152', 'GO:0009206', 'GO:0046034']"
GO:BP,GO:0032879,regulation of localization,6.035574340503625e-05,True,"""Any process that modulates the frequency, rate or extent of any process in which a cell, a substance, or a cellular entity is transported to, or maintained in, a specific location."" [GOC:mah]",2029,190,44,21026,0.23157894736842105,0.02168555938886151,query_1,"['GO:0050789', 'GO:0051179']"
GO:BP,GO:0009888,tissue development,6.303236057652181e-05,True,"""The process whose specific outcome is the progression of a tissue over time, from its formation to the mature structure."" [ISBN:0471245208]",2032,190,44,21026,0.23157894736842105,0.021653543307086614,query_1,['GO:0048856']
GO:MF,GO:0004129,cytochrome-c oxidase activity,7.333892166920536e-05,True,"""Catalysis of the reaction: 4 ferrocytochrome c + O2 + 4 H+ = 4 ferricytochrome c + 2 H2O."" [RHEA:11436]",14,190,5,20246,0.02631578947368421,0.35714285714285715,query_1,"['GO:0009055', 'GO:0015078', 'GO:0015453', 'GO:0016675', 'GO:0022853']"
GO:CC,GO:0005902,microvillus,7.371870799933403e-05,True,"""Thin cylindrical membrane-covered projections on the surface of an animal cell containing a core bundle of actin filaments. Present in especially large numbers on the absorptive surface of intestinal cells."" [ISBN:0815316194]",99,194,9,22149,0.04639175257731959,0.09090909090909091,query_1,['GO:0098858']
GO:CC,GO:0031252,cell leading edge,9.779742101518518e-05,True,"""The area of a motile cell closest to the direction of movement."" [GOC:pg]",433,194,17,22149,0.08762886597938144,0.03926096997690531,query_1,['GO:0110165']
GO:MF,GO:0016675,"oxidoreductase activity, acting on a heme group of donors",0.00010917184403823095,True,"""Catalysis of an oxidation-reduction (redox) reaction in which a heme group acts as a hydrogen or electron donor and reduces a hydrogen or electron acceptor."" [GOC:ai]",15,190,5,20246,0.02631578947368421,0.3333333333333333,query_1,['GO:0016491']
REAC,REAC:R-HSA-5663213,RHO GTPases Activate WASPs and WAVEs,0.00011650983374473149,True,RHO GTPases Activate WASPs and WAVEs,35,143,7,11004,0.04895104895104895,0.2,query_1,['REAC:R-HSA-195258']
GO:CC,GO:0031528,microvillus membrane,0.00012670980833680932,True,"""The portion of the plasma membrane surrounding a microvillus."" [GOC:mah]",33,194,6,22149,0.030927835051546393,0.18181818181818182,query_1,"['GO:0005902', 'GO:0031253']"
GO:BP,GO:0032956,regulation of actin cytoskeleton organization,0.00013644721911455003,True,"""Any process that modulates the frequency, rate or extent of the formation, arrangement of constituent parts, or disassembly of cytoskeletal structures comprising actin filaments and their associated proteins."" [GOC:mah]",334,190,16,21026,0.08421052631578947,0.04790419161676647,query_1,"['GO:0030036', 'GO:0032970', 'GO:0051493']"
GO:BP,GO:0032530,regulation of microvillus organization,0.00013873958265747552,True,"""Any process that modulates the frequency, rate or extent of a process involved in the formation, arrangement of constituent parts, or disassembly of a microvillus."" [GOC:mah]",13,190,5,21026,0.02631578947368421,0.38461538461538464,query_1,"['GO:0032528', 'GO:0120035']"
GO:BP,GO:0032536,regulation of cell projection size,0.00013873958265747552,True,"""A process that modulates the size of a cell projection."" [GOC:mah]",13,190,5,21026,0.02631578947368421,0.38461538461538464,query_1,['GO:0032535']
GO:BP,GO:1901135,carbohydrate derivative metabolic process,0.00014197255000434602,True,"""The chemical reactions and pathways involving carbohydrate derivative."" [GOC:TermGenie]",983,190,28,21026,0.14736842105263157,0.028484231943031537,query_1,['GO:0008152']
GO:BP,GO:0009260,ribonucleotide biosynthetic process,0.00014481724276942202,True,"""The chemical reactions and pathways resulting in the formation of a ribonucleotide, a compound consisting of ribonucleoside (a base linked to a ribose sugar) esterified with a phosphate group at either the 3' or 5'-hydroxyl group of the sugar."" [GOC:go_curators, ISBN:0198506732]",176,190,12,21026,0.06315789473684211,0.06818181818181818,query_1,"['GO:0009165', 'GO:0009259', 'GO:0046390']"
GO:BP,GO:0009206,purine ribonucleoside triphosphate biosynthetic process,0.00015889280361884093,True,"""The chemical reactions and pathways resulting in the formation of purine ribonucleoside triphosphate, a compound consisting of a purine base linked to a ribose sugar esterified with triphosphate on the sugar."" [GOC:go_curators, ISBN:0198506732]",113,190,10,21026,0.05263157894736842,0.08849557522123894,query_1,"['GO:0009145', 'GO:0009201', 'GO:0009205']"
GO:BP,GO:0009145,purine nucleoside triphosphate biosynthetic process,0.00017281848458149636,True,"""The chemical reactions and pathways resulting in the formation of purine nucleoside triphosphate, a compound consisting of a purine base linked to a ribose or deoxyribose sugar esterified with triphosphate on the sugar."" [GOC:go_curators, ISBN:0198506732]",114,190,10,21026,0.05263157894736842,0.08771929824561403,query_1,"['GO:0009142', 'GO:0009144']"
REAC,REAC:R-HSA-1614517,Sulfide oxidation to sulfate,0.00017480171005037273,True,Sulfide oxidation to sulfate,6,143,4,11004,0.027972027972027972,0.6666666666666666,query_1,['REAC:R-HSA-1614558']
KEGG,KEGG:05132,Salmonella infection,0.00017576142350298135,True,Salmonella infection,249,119,15,8484,0.12605042016806722,0.060240963855421686,query_1,['KEGG:00000']
GO:BP,GO:0007005,mitochondrion organization,0.00018470513261852764,True,"""A process that is carried out at the cellular level which results in the assembly, arrangement of constituent parts, or disassembly of a mitochondrion; includes mitochondrial morphogenesis and distribution, and replication of the mitochondrial genome as well as synthesis of new mitochondrial components."" [GOC:dph, GOC:jl, GOC:mah, GOC:sgd_curators, PMID:9786946]",435,190,18,21026,0.09473684210526316,0.041379310344827586,query_1,['GO:0006996']
GO:BP,GO:0006753,nucleoside phosphate metabolic process,0.00020221240216756637,True,"""The chemical reactions and pathways involving any phosphorylated nucleoside."" [GOC:mah]",646,190,22,21026,0.11578947368421053,0.034055727554179564,query_1,"['GO:0006796', 'GO:0019637', 'GO:0055086']"
GO:CC,GO:0043226,organelle,0.00020884171049510134,True,"""Organized structure of distinctive morphology and function. Includes the nucleus, mitochondria, plastids, vacuoles, vesicles, ribosomes and the cytoskeleton, and prokaryotic structures such as anammoxosomes and pirellulosomes. Excludes the plasma membrane."" [GOC:go_curators]",16936,194,175,22149,0.9020618556701031,0.010333018422295701,query_1,['GO:0110165']
GO:BP,GO:0051049,regulation of transport,0.0002201500505450547,True,"""Any process that modulates the frequency, rate or extent of the directed movement of substances (such as macromolecules, small molecules, ions) into, out of or within a cell, or between cells, by means of some agent such as a transporter or pore."" [GOC:ai]",1607,190,37,21026,0.19473684210526315,0.023024268823895456,query_1,"['GO:0006810', 'GO:0032879']"
GO:BP,GO:0046390,ribose phosphate biosynthetic process,0.0002222066936784579,True,"""The chemical reactions and pathways resulting in the formation of ribose phosphate, any phosphorylated ribose sugar."" [GOC:ai]",183,190,12,21026,0.06315789473684211,0.06557377049180328,query_1,"['GO:0019693', 'GO:0090407', 'GO:1901137']"
GO:CC,GO:0016324,apical plasma membrane,0.00022496050155124518,True,"""The region of the plasma membrane located at the apical end of the cell."" [GOC:curators]",408,194,16,22149,0.08247422680412371,0.0392156862745098,query_1,"['GO:0045177', 'GO:0098590']"
REAC,REAC:R-HSA-9837999,Mitochondrial protein degradation,0.00023016465673361488,True,Mitochondrial protein degradation,98,143,10,11004,0.06993006993006994,0.10204081632653061,query_1,['REAC:R-HSA-392499']
GO:CC,GO:0031253,cell projection membrane,0.00023881796217514048,True,"""The portion of the plasma membrane surrounding a plasma membrane bounded cell surface projection."" [GOC:krc, GOC:mah]",360,194,15,22149,0.07731958762886598,0.041666666666666664,query_1,"['GO:0098590', 'GO:0120025']"
GO:BP,GO:0009201,ribonucleoside triphosphate biosynthetic process,0.00025983970473276037,True,"""The chemical reactions and pathways resulting in the formation of a ribonucleoside triphosphate, a compound consisting of a nucleobase linked to a ribose sugar esterified with triphosphate on the sugar."" [GOC:go_curators, ISBN:0198506732]",119,190,10,21026,0.05263157894736842,0.08403361344537816,query_1,"['GO:0009142', 'GO:0009199']"
GO:MF,GO:0046933,"proton-transporting ATP synthase activity, rotational mechanism",0.00030443388274521265,True,"""Enables the synthesis of ATP from ADP and phosphate by the transfer of protons from one side of a membrane to the other by a rotational mechanism driven by a gradient according to the reaction: ADP + H2O + phosphate + H+(in) -> ATP + H+(out)."" [RHEA:57722]",18,190,5,20246,0.02631578947368421,0.2777777777777778,query_1,"['GO:0015252', 'GO:0016874']"
REAC,REAC:R-HSA-3928662,EPHB-mediated forward signaling,0.000305967024096362,True,EPHB-mediated forward signaling,40,143,7,11004,0.04895104895104895,0.175,query_1,['REAC:R-HSA-2682334']
GO:MF,GO:0005515,protein binding,0.00040161310188586524,True,"""Binding to a protein."" [GOC:go_curators]",15123,190,169,20246,0.8894736842105263,0.01117503140911195,query_1,['GO:0005488']
GO:BP,GO:0055086,nucleobase-containing small molecule metabolic process,0.0004090325787983675,True,"""The cellular chemical reactions and pathways involving a nucleobase-containing small molecule: a nucleobase, a nucleoside, or a nucleotide."" [GOC:vw]",673,190,22,21026,0.11578947368421053,0.03268945022288262,query_1,"['GO:0006139', 'GO:0044281']"
GO:CC,GO:0005938,cell cortex,0.0004268740595987214,True,"""The region of a cell that lies just beneath the plasma membrane and often, but not always, contains a network of actin filaments and associated proteins."" [GOC:mah, ISBN:0815316194]",328,194,14,22149,0.07216494845360824,0.042682926829268296,query_1,"['GO:0005737', 'GO:0071944']"
REAC,REAC:R-HSA-194315,Signaling by Rho GTPases,0.0004355231672042843,True,Signaling by Rho GTPases,701,143,26,11004,0.18181818181818182,0.037089871611982884,query_1,['REAC:R-HSA-9716542']
GO:BP,GO:0051017,actin filament bundle assembly,0.0004729861169040542,True,"""The assembly of actin filament bundles; actin filaments are on the same axis but may be oriented with the same or opposite polarities and may be packed with different levels of tightness."" [GOC:ai]",160,190,11,21026,0.05789473684210526,0.06875,query_1,"['GO:0022607', 'GO:0061572']"
GO:BP,GO:0009142,nucleoside triphosphate biosynthetic process,0.0004798529233207224,True,"""The chemical reactions and pathways resulting in the formation of a nucleoside triphosphate, a compound consisting of a nucleobase linked to a deoxyribose or ribose sugar esterified with triphosphate on the sugar."" [GOC:go_curators, ISBN:0198506732]",127,190,10,21026,0.05263157894736842,0.07874015748031496,query_1,"['GO:0009141', 'GO:1901293']"
GO:BP,GO:0061572,actin filament bundle organization,0.0005705288781093958,True,"""A process that results in the assembly, arrangement of constituent parts, or disassembly of an actin filament bundle."" [GOC:dph]",163,190,11,21026,0.05789473684210526,0.06748466257668712,query_1,['GO:0007015']
GO:CC,GO:0005885,Arp2/3 protein complex,0.0005982253903873959,True,"""A stable protein complex that contains two actin-related proteins, Arp2 and Arp3, and five novel proteins (ARPC1-5), and functions in the nucleation of branched actin filaments."" [GOC:jl, GOC:vw, PMID:12479800]",11,194,4,22149,0.020618556701030927,0.36363636363636365,query_1,"['GO:0015629', 'GO:0032991']"
REAC,REAC:R-HSA-9716542,"Signaling by Rho GTPases, Miro GTPases and RHOBTB3",0.0006485312361109781,True,"Signaling by Rho GTPases, Miro GTPases and RHOBTB3",716,143,26,11004,0.18181818181818182,0.036312849162011177,query_1,['REAC:R-HSA-162582']
KEGG,KEGG:00920,Sulfur metabolism,0.0006922550952870945,True,Sulfur metabolism,10,119,4,8484,0.03361344537815126,0.4,query_1,['KEGG:00000']
GO:BP,GO:0034109,homotypic cell-cell adhesion,0.0007386042639171306,True,"""The attachment of a cell to a second cell of the identical type via adhesion molecules."" [GOC:add]",102,190,9,21026,0.04736842105263158,0.08823529411764706,query_1,['GO:0098609']
REAC,REAC:R-HSA-421270,Cell-cell junction organization,0.0007747110245368891,True,Cell-cell junction organization,87,143,9,11004,0.06293706293706294,0.10344827586206896,query_1,['REAC:R-HSA-446728']
GO:BP,GO:0065008,regulation of biological quality,0.0008112107352333265,True,"""Any process that modulates a qualitative or quantitative trait of a biological quality. A biological quality is a measurable attribute of an organism or part of an organism, such as size, mass, shape, color, etc."" [GOC:dph, GOC:isa_complete, GOC:mah, GOC:pr, GOC:vw]",2947,190,53,21026,0.2789473684210526,0.017984390906006106,query_1,['GO:0065007']
GO:BP,GO:1902903,regulation of supramolecular fiber organization,0.0008699749880409759,True,"""Any process that modulates the frequency, rate or extent of supramolecular fiber organization."" [GO_REF:0000058, GOC:PARL, GOC:rl, GOC:TermGenie, PMID:23921388]",383,190,16,21026,0.08421052631578947,0.04177545691906005,query_1,"['GO:0051128', 'GO:0097435']"
GO:BP,GO:0019637,organophosphate metabolic process,0.0009155320449308716,True,"""The chemical reactions and pathways involving organophosphates, any phosphate-containing organic compound."" [ISBN:0198506732]",1077,190,28,21026,0.14736842105263157,0.025998142989786442,query_1,['GO:0006793']
REAC,REAC:R-HSA-446728,Cell junction organization,0.0009373677285279283,True,Cell junction organization,114,143,10,11004,0.06993006993006994,0.08771929824561403,query_1,['REAC:R-HSA-1500931']
REAC,REAC:R-HSA-2682334,EPH-Ephrin signaling,0.0010321126916077732,True,EPH-Ephrin signaling,90,143,9,11004,0.06293706293706294,0.1,query_1,['REAC:R-HSA-422475']
KEGG,KEGG:05100,Bacterial invasion of epithelial cells,0.0010613799817248985,True,Bacterial invasion of epithelial cells,77,119,8,8484,0.06722689075630252,0.1038961038961039,query_1,['KEGG:00000']
GO:CC,GO:0016323,basolateral plasma membrane,0.00112341437419085,True,"""The region of the plasma membrane that includes the basal end and sides of the cell. Often used in reference to animal polarized epithelial membranes, where the basal membrane is the part attached to the extracellular matrix, or in plant cells, where the basal membrane is defined with respect to the zygotic axis."" [GOC:go_curators]",260,194,12,22149,0.061855670103092786,0.046153846153846156,query_1,"['GO:0009925', 'GO:0098590']"
REAC,REAC:R-HSA-5626467,RHO GTPases activate IQGAPs,0.0012931896307971657,True,RHO GTPases activate IQGAPs,32,143,6,11004,0.04195804195804196,0.1875,query_1,['REAC:R-HSA-195258']
GO:BP,GO:1902896,terminal web assembly,0.0014527645629328642,True,"""The aggregation, arrangement and bonding together of a set of components to form a terminal web."" [GO_REF:0000079, GOC:kmv, GOC:TermGenie, PMID:21949650]",3,190,3,21026,0.015789473684210527,1.0,query_1,"['GO:0030866', 'GO:0140694']"
REAC,REAC:R-HSA-1500931,Cell-Cell communication,0.0016805184164053039,True,Cell-Cell communication,150,143,11,11004,0.07692307692307693,0.07333333333333333,query_1,['REAC:0000000']
GO:BP,GO:0007010,cytoskeleton organization,0.0017597868054884586,True,"""A process that is carried out at the cellular level which results in the assembly, arrangement of constituent parts, or disassembly of cytoskeletal structures."" [GOC:dph, GOC:jl, GOC:mah]",1529,190,34,21026,0.17894736842105263,0.02223675604970569,query_1,['GO:0006996']
GO:BP,GO:0032535,regulation of cellular component size,0.0018165170187798216,True,"""A process that modulates the size of a cellular component."" [GOC:mah]",356,190,15,21026,0.07894736842105263,0.042134831460674156,query_1,"['GO:0016043', 'GO:0090066']"
GO:BP,GO:0072521,purine-containing compound metabolic process,0.0018198489054221559,True,"""The chemical reactions and pathways involving a purine-containing compound, i.e. any compound that contains purine or a formal derivative thereof."" [GOC:mah]",563,190,19,21026,0.1,0.03374777975133215,query_1,['GO:0008152']
GO:BP,GO:0008064,regulation of actin polymerization or depolymerization,0.0018644401823600676,True,"""Any process that modulates the frequency, rate or extent of the assembly or disassembly of actin filaments by the addition or removal of actin monomers from a filament."" [GOC:mah]",147,190,10,21026,0.05263157894736842,0.06802721088435375,query_1,"['GO:0008154', 'GO:0030832', 'GO:0110053']"
GO:BP,GO:0030832,regulation of actin filament length,0.00224347302342833,True,"""Any process that controls the length of actin filaments in a cell."" [GOC:dph, GOC:mah]",150,190,10,21026,0.05263157894736842,0.06666666666666667,query_1,"['GO:0032535', 'GO:0032956']"
GO:CC,GO:0014704,intercalated disc,0.0022708887337332846,True,"""A complex cell-cell junction at which myofibrils terminate in cardiomyocytes; mediates mechanical and electrochemical integration between individual cardiomyocytes. The intercalated disc contains regions of tight mechanical attachment (fasciae adherentes and desmosomes) and electrical coupling (gap junctions) between adjacent cells."" [GOC:mtg_muscle, PMID:11732910]",53,194,6,22149,0.030927835051546393,0.11320754716981132,query_1,['GO:0044291']
GO:BP,GO:0051493,regulation of cytoskeleton organization,0.002299650908108915,True,"""Any process that modulates the frequency, rate or extent of the formation, arrangement of constituent parts, or disassembly of cytoskeletal structures."" [GOC:ai]",517,190,18,21026,0.09473684210526316,0.03481624758220503,query_1,"['GO:0007010', 'GO:0033043']"
GO:BP,GO:0009165,nucleotide biosynthetic process,0.002463253800322312,True,"""The chemical reactions and pathways resulting in the formation of nucleotides, any nucleoside that is esterified with (ortho)phosphate or an oligophosphate at any hydroxyl group on the glycose moiety; may be mono-, di- or triphosphate; this definition includes cyclic-nucleotides (nucleoside cyclic phosphates)."" [GOC:go_curators]",229,190,12,21026,0.06315789473684211,0.05240174672489083,query_1,"['GO:0009117', 'GO:1901293']"
GO:BP,GO:0008154,actin polymerization or depolymerization,0.002760004098605124,True,"""Assembly or disassembly of actin filaments by the addition or removal of actin monomers from a filament."" [GOC:mah]",191,190,11,21026,0.05789473684210526,0.05759162303664921,query_1,['GO:0007015']
GO:BP,GO:0045010,actin nucleation,0.002847186837505614,True,"""The initial step in the formation of an actin filament, in which actin monomers combine to form a new filament. Nucleation is slow relative to the subsequent addition of more monomers to extend the filament."" [ISBN:0815316194]",62,190,7,21026,0.03684210526315789,0.11290322580645161,query_1,['GO:0007015']
GO:BP,GO:0006996,organelle organization,0.003093938740608067,True,"""A process that is carried out at the cellular level which results in the assembly, arrangement of constituent parts, or disassembly of an organelle within a cell. An organelle is an organized structure of distinctive morphology and function. Includes the nucleus, mitochondria, plastids, vacuoles, vesicles, ribosomes and the cytoskeleton. Excludes the plasma membrane."" [GOC:mah]",3594,190,59,21026,0.3105263157894737,0.016416249304396217,query_1,['GO:0016043']
GO:BP,GO:0060341,regulation of cellular localization,0.003128404025135689,True,"""Any process that modulates the frequency, rate or extent of a process in which a cell, a substance, or a cellular entity is transported to, or maintained in a specific location within or in the membrane of a cell."" [GOC:dph, GOC:tb]",1013,190,26,21026,0.1368421052631579,0.02566633761105627,query_1,"['GO:0032879', 'GO:0050794', 'GO:0051641']"
GO:BP,GO:0120035,regulation of plasma membrane bounded cell projection organization,0.0031873914464012384,True,"""Any process that modulates the frequency, rate or extent of a process involved in the formation, arrangement of constituent parts, or disassembly of plasma membrane bounded cell projections."" [GOC:krc]",642,190,20,21026,0.10526315789473684,0.03115264797507788,query_1,"['GO:0031344', 'GO:0120036']"
GO:BP,GO:0007043,cell-cell junction assembly,0.0032077191999197795,True,"""The aggregation, arrangement and bonding together of a set of components to form a junction between cells."" [GOC:ai]",156,190,10,21026,0.05263157894736842,0.0641025641025641,query_1,"['GO:0034329', 'GO:0045216']"
GO:CC,GO:0030863,cortical cytoskeleton,0.003212210353689554,True,"""The portion of the cytoskeleton that lies just beneath the plasma membrane."" [GOC:mah]",118,194,8,22149,0.041237113402061855,0.06779661016949153,query_1,"['GO:0005856', 'GO:0005938']"
GO:MF,GO:0015252,proton channel activity,0.0032357796374974253,True,"""Enables the facilitated diffusion of a hydrogen ion (by an energy-independent process) involving passage through a transmembrane aqueous pore or channel without evidence for a carrier-mediated mechanism."" [GOC:mtg_transport, GOC:pr, ISBN:0815340729]",28,190,5,20246,0.02631578947368421,0.17857142857142858,query_1,"['GO:0005261', 'GO:0015078']"
GO:CC,GO:0030864,cortical actin cytoskeleton,0.003279315931447699,True,"""The portion of the actin cytoskeleton, comprising filamentous actin and associated proteins, that lies just beneath the plasma membrane."" [GOC:mah]",85,194,7,22149,0.03608247422680412,0.08235294117647059,query_1,"['GO:0015629', 'GO:0030863']"
GO:BP,GO:0033108,mitochondrial respiratory chain complex assembly,0.0033685185778586104,True,"""The aggregation, arrangement and bonding together of a set of components to form a mitochondrial respiratory chain complex or between respiratory chain complexes to form high-order structures."" [GOC:mah]",122,190,9,21026,0.04736842105263158,0.07377049180327869,query_1,"['GO:0007005', 'GO:0065003']"
KEGG,KEGG:05131,Shigellosis,0.003622422663360984,True,Shigellosis,246,119,13,8484,0.1092436974789916,0.052845528455284556,query_1,['KEGG:00000']
GO:CC,GO:0009925,basal plasma membrane,0.0036502337867734065,True,"""The region of the plasma membrane located at the basal end of the cell. Often used in reference to animal polarized epithelial membranes, where the basal membrane is the part attached to the extracellular matrix, or in plant cells, where the basal membrane is defined with respect to the zygotic axis."" [GOC:go_curators]",292,194,12,22149,0.061855670103092786,0.0410958904109589,query_1,"['GO:0045178', 'GO:0098590']"
GO:BP,GO:1901137,carbohydrate derivative biosynthetic process,0.004014436310150534,True,"""The chemical reactions and pathways resulting in the formation of carbohydrate derivative."" [GOC:TermGenie]",594,190,19,21026,0.1,0.03198653198653199,query_1,"['GO:0009058', 'GO:1901135']"
GO:BP,GO:0002934,desmosome organization,0.0040576810464412845,True,"""A process that is carried out at the cellular level which results in the assembly, arrangement of constituent parts, or disassembly of a desmosome. A desmosome is a patch-like intercellular junction found in vertebrate tissues, consisting of parallel zones of two cell membranes, separated by an space of 25-35 nm, and having dense fibrillar plaques in the subjacent cytoplasm."" [GOC:hjd]",11,190,4,21026,0.021052631578947368,0.36363636363636365,query_1,['GO:0045216']
GO:CC,GO:0045259,proton-transporting ATP synthase complex,0.004140223618538492,True,"""A proton-transporting two-sector ATPase complex that catalyzes the phosphorylation of ADP to ATP during oxidative phosphorylation. The complex comprises a membrane sector (F0) that carries out proton transport and a cytoplasmic compartment sector (F1) that catalyzes ATP synthesis by a rotational mechanism; the extramembrane sector (containing 3 a and 3 b subunits) is connected via the d-subunit to the membrane sector by several smaller subunits. Within this complex, the g and e subunits and the 9-12 c subunits rotate by consecutive 120 degree angles and perform parts of ATP synthesis. This movement is driven by the hydrogen ion electrochemical potential gradient."" [ISBN:0198547684, ISBN:0716743663]",17,194,4,22149,0.020618556701030927,0.23529411764705882,query_1,"['GO:0016469', 'GO:0034703', 'GO:0098803', 'GO:1902494']"
GO:BP,GO:0032528,microvillus organization,0.004226353098154718,True,"""A process that is carried out at the cellular level which results in the assembly, arrangement of constituent parts, or disassembly of a microvillus, a thin cylindrical membrane-covered projection on the surface of a cell."" [GOC:mah]",24,190,5,21026,0.02631578947368421,0.20833333333333334,query_1,['GO:0120036']
GO:BP,GO:0009152,purine ribonucleotide biosynthetic process,0.0042693357063526526,True,"""The chemical reactions and pathways resulting in the formation of a purine ribonucleotide, a compound consisting of ribonucleoside (a purine base linked to a ribose sugar) esterified with a phosphate group at either the 3' or 5'-hydroxyl group of the sugar."" [GOC:go_curators, ISBN:0198506732]",161,190,10,21026,0.05263157894736842,0.062111801242236024,query_1,"['GO:0006164', 'GO:0009150', 'GO:0009260']"
GO:CC,GO:0030027,lamellipodium,0.004443545361630324,True,"""A thin sheetlike process extended by the leading edge of a migrating cell or extending cell process; contains a dense meshwork of actin filaments."" [ISBN:0815316194]",204,194,10,22149,0.05154639175257732,0.049019607843137254,query_1,"['GO:0031252', 'GO:0120025']"
GO:MF,GO:0086083,cell adhesive protein binding involved in bundle of His cell-Purkinje myocyte communication,0.004559001419155958,True,"""Binding to a protein or protein complex that results in the connection of a bundle of His cell with a Purkinje myocyte and contributes to the communication between the two cells."" [GOC:BHF, GOC:mtg_cardiac_conduct_nov11]",5,190,3,20246,0.015789473684210527,0.6,query_1,['GO:0086080']
GO:BP,GO:0031344,regulation of cell projection organization,0.004633447246378896,True,"""Any process that modulates the frequency, rate or extent of a process involved in the formation, arrangement of constituent parts, or disassembly of cell projections."" [GOC:mah]",658,190,20,21026,0.10526315789473684,0.030395136778115502,query_1,"['GO:0030030', 'GO:0051128']"
GO:BP,GO:0072659,protein localization to plasma membrane,0.0052297864377871765,True,"""A process in which a protein is transported to, or maintained in, a specific location in the plasma membrane."" [GOC:mah]",291,190,13,21026,0.06842105263157895,0.044673539518900345,query_1,"['GO:0072657', 'GO:1990778']"
GO:CC,GO:0005923,bicellular tight junction,0.006166986794573652,True,"""An occluding cell-cell junction that is composed of a branching network of sealing strands that completely encircles the apical end of each cell in an epithelial sheet; the outer leaflets of the two interacting plasma membranes are seen to be tightly apposed where sealing strands are present. Each sealing strand is composed of a long row of transmembrane adhesion proteins embedded in each of the two interacting plasma membranes."" [GOC:mah, ISBN:0815332181]",129,194,8,22149,0.041237113402061855,0.06201550387596899,query_1,"['GO:0043296', 'GO:0070160']"
GO:CC,GO:0045178,basal part of cell,0.0068290494159486724,True,"""The region of a cell situated near the base. For example, in a polarized epithelial cell, the basal surface rests on the basal lamina that separates the epithelium from other tissue."" [GOC:mah, ISBN:0815316194]",311,194,12,22149,0.061855670103092786,0.03858520900321544,query_1,['GO:0110165']
GO:BP,GO:0090407,organophosphate biosynthetic process,0.00730570138944862,True,"""The chemical reactions and pathways resulting in the biosynthesis of deoxyribose phosphate, the phosphorylated sugar 2-deoxy-erythro-pentose."" [GOC:chem_mtg]",619,190,19,21026,0.1,0.030694668820678513,query_1,"['GO:0009058', 'GO:0019637']"
REAC,REAC:R-HSA-9711123,Cellular response to chemical stress,0.007857846553341027,True,Cellular response to chemical stress,210,143,12,11004,0.08391608391608392,0.05714285714285714,query_1,['REAC:R-HSA-2262752']
GO:MF,GO:0044877,protein-containing complex binding,0.008424783685340814,True,"""Binding to a macromolecular complex."" [GOC:jl]",1314,190,29,20246,0.15263157894736842,0.02207001522070015,query_1,['GO:0005488']
GO:CC,GO:0070160,tight junction,0.009038561744152837,True,"""A cell-cell junction that seals cells together in an epithelium in a way that prevents even small molecules from leaking from one side of the sheet to the other."" [ISBN:0815332181]",136,194,8,22149,0.041237113402061855,0.058823529411764705,query_1,['GO:0005911']
KEGG,KEGG:04022,cGMP-PKG signaling pathway,0.009204585006177698,True,cGMP-PKG signaling pathway,164,119,10,8484,0.08403361344537816,0.06097560975609756,query_1,['KEGG:00000']
GO:BP,GO:0044087,regulation of cellular component biogenesis,0.009751117955396718,True,"""Any process that modulates the frequency, rate or extent of cellular component biogenesis, a process that results in the biosynthesis of constituent macromolecules, assembly, and arrangement of constituent parts of a cellular component."" [GOC:jl]",1011,190,25,21026,0.13157894736842105,0.024727992087042534,query_1,"['GO:0044085', 'GO:0050794']"
GO:BP,GO:0048856,anatomical structure development,0.010843590485366554,True,"""The biological process whose specific outcome is the progression of an anatomical structure from an initial condition to its mature state. This process begins with the formation of the structure and ends with the mature structure, whatever form that may be including its natural destruction. An anatomical structure is any biological entity that occupies space and is distinguished from its surroundings. Anatomical structures can be macroscopic such as a carpel, or microscopic such as an acrosome."" [GO_REF:0000021]",5997,190,83,21026,0.4368421052631579,0.013840253460063364,query_1,['GO:0032502']
KEGG,KEGG:05135,Yersinia infection,0.011162208438523205,True,Yersinia infection,136,119,9,8484,0.07563025210084033,0.0661764705882353,query_1,['KEGG:00000']
GO:CC,GO:0031256,leading edge membrane,0.011279795081380415,True,"""The portion of the plasma membrane surrounding the leading edge of a motile cell."" [GOC:mah]",182,194,9,22149,0.04639175257731959,0.04945054945054945,query_1,"['GO:0005886', 'GO:0031252', 'GO:0110165']"
GO:BP,GO:1901293,nucleoside phosphate biosynthetic process,0.011977496809845223,True,"""The chemical reactions and pathways resulting in the formation of a nucleoside phosphate."" [GOC:TermGenie]",314,190,13,21026,0.06842105263157895,0.041401273885350316,query_1,"['GO:0006753', 'GO:0034654', 'GO:0090407']"
GO:BP,GO:0032411,positive regulation of transporter activity,0.012421061198330481,True,"""Any process that activates or increases the activity of a transporter."" [GOC:mah]",77,190,7,21026,0.03684210526315789,0.09090909090909091,query_1,"['GO:0032409', 'GO:0044093', 'GO:0051050']"
GO:BP,GO:1990778,protein localization to cell periphery,0.012543148235517585,True,"""A process in which a protein is transported to, or maintained in, the cell periphery."" [PMID:18216290]",365,190,14,21026,0.07368421052631578,0.038356164383561646,query_1,['GO:0008104']
GO:BP,GO:0012501,programmed cell death,0.01370724288212008,True,"""A process which begins when a cell receives an internal or external signal and activates a series of biochemical events (signaling pathway). The process ends with the death of the cell."" [GOC:lr, GOC:mtg_apoptosis]",1987,190,38,21026,0.2,0.019124308002013084,query_1,['GO:0008219']
GO:BP,GO:0043254,regulation of protein-containing complex assembly,0.014128714441492272,True,"""Any process that modulates the frequency, rate or extent of protein complex assembly."" [GOC:jl]",421,190,15,21026,0.07894736842105263,0.035629453681710214,query_1,"['GO:0044087', 'GO:0051128', 'GO:0065003']"
GO:BP,GO:0071681,cellular response to indole-3-methanol,0.014334496100303712,True,"""Any process that results in a change in state or activity of a cell (in terms of movement, secretion, enzyme production, gene expression, etc.) as a result of an indole-3-methanol stimulus."" [GOC:mah, GOC:yaf]",5,190,3,21026,0.015789473684210527,0.6,query_1,"['GO:0071680', 'GO:0097306', 'GO:1901699']"
GO:BP,GO:0008219,cell death,0.014359769073596538,True,"""Any biological process that results in permanent cessation of all vital functions of a cell. A cell should be considered dead when any one of the following molecular or morphological criteria is met: (1) the cell has lost the integrity of its plasma membrane; (2) the cell, including its nucleus, has undergone complete fragmentation into discrete bodies (frequently referred to as apoptotic bodies). The cell corpse (or its fragments) may be engulfed by an adjacent cell in vivo, but engulfment of whole cells should not be considered a strict criteria to define cell death as, under some circumstances, live engulfed cells can be released from phagosomes (see PMID:18045538)."" [GOC:mah, GOC:mtg_apoptosis, PMID:25236395]",1991,190,38,21026,0.2,0.019085886489201405,query_1,['GO:0009987']
REAC,REAC:R-HSA-1614558,Degradation of cysteine and homocysteine,0.014519701771008087,True,Degradation of cysteine and homocysteine,15,143,4,11004,0.027972027972027972,0.26666666666666666,query_1,['REAC:R-HSA-1614635']
GO:CC,GO:0045271,respiratory chain complex I,0.015002072882158454,True,"""Respiratory chain complex I is an enzyme of the respiratory chain. It consists of several polypeptide chains and is L-shaped, with a horizontal arm lying in the membrane and a vertical arm that projects into the matrix. The electrons of NADH enter the chain at this complex."" [GOC:imk, GOC:jid, ISBN:0716749556]",45,194,5,22149,0.02577319587628866,0.1111111111111111,query_1,"['GO:0030964', 'GO:0098803', 'GO:1902495']"
GO:CC,GO:0030964,NADH dehydrogenase complex,0.015002072882158454,True,"""An integral membrane complex that possesses NADH oxidoreductase activity. The complex is one of the components of the electron transport chain. It catalyzes the transfer of a pair of electrons from NADH to a quinone."" [GOC:mah]",45,194,5,22149,0.02577319587628866,0.1111111111111111,query_1,"['GO:0098796', 'GO:1990204']"
GO:BP,GO:0051130,positive regulation of cellular component organization,0.015034646645563969,True,"""Any process that activates or increases the frequency, rate or extent of a process involved in the formation, arrangement of constituent parts, or disassembly of cell structures, including the plasma membrane and any external encapsulating structures such as the cell wall and cell envelope."" [GOC:ai]",1105,190,26,21026,0.1368421052631579,0.023529411764705882,query_1,"['GO:0016043', 'GO:0048522', 'GO:0051128']"
GO:BP,GO:0032502,developmental process,0.01597109169870953,True,"""A biological process whose specific outcome is the progression of an integrated living unit: an anatomical structure (which may be a subcellular structure, cell, tissue, or organ), or organism over time from an initial condition to a later condition."" [GOC:isa_complete]",6553,190,88,21026,0.4631578947368421,0.013428963833358768,query_1,['GO:0008150']
GO:BP,GO:0032880,regulation of protein localization,0.01610322526385649,True,"""Any process that modulates the frequency, rate or extent of any process in which a protein is transported to, or maintained in, a specific location."" [GOC:dph, GOC:mah, GOC:tb]",907,190,23,21026,0.12105263157894737,0.025358324145534728,query_1,"['GO:0008104', 'GO:0060341']"
GO:BP,GO:1900029,positive regulation of ruffle assembly,0.01631488192664841,True,"""Any process that activates or increases the frequency, rate or extent of ruffle assembly."" [GOC:TermGenie, GOC:yaf]",15,190,4,21026,0.021052631578947368,0.26666666666666666,query_1,"['GO:0097178', 'GO:0120034', 'GO:1900027']"
GO:CC,GO:0016327,apicolateral plasma membrane,0.01761828335036619,True,"""The apical end of the lateral plasma membrane of epithelial cells."" [GOC:hb]",24,194,4,22149,0.020618556701030927,0.16666666666666666,query_1,['GO:0098590']
GO:BP,GO:0051050,positive regulation of transport,0.01771324551820099,True,"""Any process that activates or increases the frequency, rate or extent of the directed movement of substances (such as macromolecules, small molecules, ions) into, out of or within a cell, or between cells, by means of some agent such as a transporter or pore."" [GOC:ai]",847,190,22,21026,0.11578947368421053,0.025974025974025976,query_1,"['GO:0006810', 'GO:0048518', 'GO:0051049']"
GO:BP,GO:0044281,small molecule metabolic process,0.017880941935054573,True,"""The chemical reactions and pathways involving small molecules, any low molecular weight, monomeric, non-encoded molecule."" [GOC:curators, GOC:pde, GOC:vw]",1776,190,35,21026,0.18421052631578946,0.019707207207207207,query_1,['GO:0008152']
GO:CC,GO:0044291,cell-cell contact zone,0.018302583934580376,True,"""Extended zone of intimate apposition between two cells containing one or more types of intercellular junctions, e.g., the intercalated disk of muscle."" [NIF_Subcellular:sao1299635018]",76,194,6,22149,0.030927835051546393,0.07894736842105263,query_1,['GO:0005911']
GO:MF,GO:0003824,catalytic activity,0.018365256896809356,True,"""Catalysis of a biochemical reaction at physiological temperatures. In biologically catalyzed reactions, the reactants are known as substrates, and the catalysts are naturally occurring macromolecular substances known as enzymes. Enzymes possess specific binding sites for substrates, and are usually composed wholly or largely of protein, but RNA that has catalytic activity (ribozyme) is often also regarded as enzymatic."" [GOC:vw, ISBN:0198506732]",6817,190,91,20246,0.4789473684210526,0.013348980489951591,query_1,['GO:0003674']
REAC,REAC:R-HSA-8949613,Cristae formation,0.019443913062602534,True,Cristae formation,31,143,5,11004,0.03496503496503497,0.16129032258064516,query_1,['REAC:R-HSA-1592230']
GO:CC,GO:0005829,cytosol,0.020391482945771117,True,"""The part of the cytoplasm that does not contain organelles but which does contain other particulate matter, such as protein complexes."" [GOC:hjd, GOC:jl]",5534,194,73,22149,0.37628865979381443,0.013191181785327069,query_1,"['GO:0005737', 'GO:0110165']"
GO:CC,GO:0019897,extrinsic component of plasma membrane,0.020881268514893542,True,"""The component of a plasma membrane consisting of gene products and protein complexes that are loosely bound to one of its surfaces, but not integrated into the hydrophobic region."" [GOC:curators, GOC:dos]",113,194,7,22149,0.03608247422680412,0.061946902654867256,query_1,"['GO:0005886', 'GO:0019898']"
KEGG,KEGG:04723,Retrograde endocannabinoid signaling,0.021231729475658965,True,Retrograde endocannabinoid signaling,148,119,9,8484,0.07563025210084033,0.060810810810810814,query_1,['KEGG:00000']
GO:BP,GO:0006164,purine nucleotide biosynthetic process,0.021402162381021675,True,"""The chemical reactions and pathways resulting in the formation of a purine nucleotide, a compound consisting of nucleoside (a purine base linked to a deoxyribose or ribose sugar) esterified with a phosphate group at either the 3' or 5'-hydroxyl group of the sugar."" [GOC:go_curators, ISBN:0198506732]",193,190,10,21026,0.05263157894736842,0.05181347150259067,query_1,"['GO:0006163', 'GO:0009165', 'GO:0072522']"
GO:BP,GO:0048313,Golgi inheritance,0.021599640821808635,True,"""The partitioning of Golgi apparatus between daughter cells at cell division."" [GOC:jid, PMID:12851069]",16,190,4,21026,0.021052631578947368,0.25,query_1,"['GO:0007030', 'GO:0048308']"
GO:BP,GO:0048308,organelle inheritance,0.021599640821808635,True,"""The partitioning of organelles between daughter cells at cell division."" [GOC:jid]",16,190,4,21026,0.021052631578947368,0.25,query_1,['GO:0006996']
GO:MF,GO:0008137,NADH dehydrogenase (ubiquinone) activity,0.02235060603304563,True,"""Catalysis of the reaction: NADH + ubiquinone + 5 H+(in) = NAD+ + ubiquinol + 4 H+(out)."" [RHEA:29091]",41,190,5,20246,0.02631578947368421,0.12195121951219512,query_1,"['GO:0003954', 'GO:0009055', 'GO:0015078', 'GO:0015453', 'GO:0016655', 'GO:0022853']"
GO:BP,GO:0086065,cell communication involved in cardiac conduction,0.02244410830040599,True,"""Any process that mediates interactions between a cell and its surroundings that contributes to the process of cardiac conduction. Encompasses interactions such as signaling or attachment between one cell and another cell, between a cell and an extracellular matrix, or between a cell and any other aspect of its environment."" [GOC:BHF, GOC:mtg_cardiac_conduct_nov11]",56,190,6,21026,0.031578947368421054,0.10714285714285714,query_1,"['GO:0007154', 'GO:0061337']"
GO:CC,GO:0016469,proton-transporting two-sector ATPase complex,0.02276037301276408,True,"""A large protein complex that catalyzes the synthesis or hydrolysis of ATP by a rotational mechanism, coupled to the transport of protons across a membrane. The complex comprises a membrane sector (F0, V0, or A0) that carries out proton transport and a cytoplasmic compartment sector (F1, V1, or A1) that catalyzes ATP synthesis or hydrolysis. Two major types have been characterized: V-type ATPases couple ATP hydrolysis to the transport of protons across a concentration gradient, whereas F-type ATPases, also known as ATP synthases, normally run in the reverse direction to utilize energy from a proton concentration or electrochemical gradient to synthesize ATP. A third type, A-type ATPases have been found in archaea, and are closely related to eukaryotic V-type ATPases but are reversible."" [GOC:mah, ISBN:0716743663, PMID:16691483]",49,194,5,22149,0.02577319587628866,0.10204081632653061,query_1,['GO:0098796']
GO:BP,GO:0065009,regulation of molecular function,0.023915237837557807,True,"""Any process that modulates the frequency, rate or extent of a molecular function, an elemental biological activity occurring at the molecular level, such as catalysis or binding."" [GOC:isa_complete]",1496,190,31,21026,0.1631578947368421,0.02072192513368984,query_1,['GO:0065007']
GO:BP,GO:0090066,regulation of anatomical structure size,0.026602890722142628,True,"""Any process that modulates the size of an anatomical structure."" [GOC:dph, GOC:tb]",500,190,16,21026,0.08421052631578947,0.032,query_1,['GO:0065008']
GO:BP,GO:0030042,actin filament depolymerization,0.027563260928614643,True,"""Disassembly of actin filaments by the removal of actin monomers from a filament."" [GOC:mah]",58,190,6,21026,0.031578947368421054,0.10344827586206896,query_1,"['GO:0008154', 'GO:0051261']"
REAC,REAC:R-HSA-168249,Innate Immune System,0.027734171214951284,True,Innate Immune System,1100,143,30,11004,0.2097902097902098,0.02727272727272727,query_1,['REAC:R-HSA-168256']
GO:BP,GO:0051014,actin filament severing,0.028046377202744638,True,"""The process in which an actin filament is broken down into smaller filaments."" [GOC:ai, PMID:14657234]",17,190,4,21026,0.021052631578947368,0.23529411764705882,query_1,['GO:0030029']
REAC,REAC:R-HSA-3700989,Transcriptional Regulation by TP53,0.028180861592556207,True,Transcriptional Regulation by TP53,359,143,15,11004,0.1048951048951049,0.04178272980501393,query_1,['REAC:R-HSA-212436']
GO:BP,GO:0071680,response to indole-3-methanol,0.028477890648095062,True,"""Any process that results in a change in state or activity of a cell or an organism (in terms of movement, secretion, enzyme production, gene expression, etc.) as a result of an indole-3-methanol stimulus."" [GOC:mah, GOC:yaf]",6,190,3,21026,0.015789473684210527,0.5,query_1,"['GO:0097305', 'GO:1901698']"
GO:BP,GO:0086073,bundle of His cell-Purkinje myocyte adhesion involved in cell communication,0.028477890648095062,True,"""The attachment of a bundle of His cell to a Purkinje myocyte via adhesion molecules that results in the cells being juxtaposed so that they can communicate."" [GOC:BHF, GOC:mtg_cardiac_conduct_nov11]",6,190,3,21026,0.015789473684210527,0.5,query_1,"['GO:0034113', 'GO:0086042', 'GO:0086069']"
GO:BP,GO:0001951,intestinal D-glucose absorption,0.028477890648095062,True,"""Uptake of D-glucose into the blood by absorption from the small intestine."" [GOC:mgi_curators, PMID:5601832]",6,190,3,21026,0.015789473684210527,0.5,query_1,['GO:0106001']
GO:BP,GO:0033043,regulation of organelle organization,0.02931833977355971,True,"""Any process that modulates the frequency, rate or extent of a process involved in the formation, arrangement of constituent parts, or disassembly of an organelle."" [GOC:mah]",1148,190,26,21026,0.1368421052631579,0.02264808362369338,query_1,"['GO:0006996', 'GO:0051128']"
KEGG,KEGG:04520,Adherens junction,0.029926966292485202,True,Adherens junction,93,119,7,8484,0.058823529411764705,0.07526881720430108,query_1,['KEGG:00000']
GO:BP,GO:0044089,positive regulation of cellular component biogenesis,0.03006403848668643,True,"""Any process that activates or increases the frequency, rate or extent of cellular component biogenesis, a process that results in the biosynthesis of constituent macromolecules, assembly, and arrangement of constituent parts of a cellular component."" [GOC:jl]",505,190,16,21026,0.08421052631578947,0.031683168316831684,query_1,"['GO:0044085', 'GO:0044087', 'GO:0048522']"
REAC,REAC:R-HSA-9833576,CDH11 homotypic and heterotypic interactions,0.03147780388737508,True,CDH11 homotypic and heterotypic interactions,7,143,3,11004,0.02097902097902098,0.42857142857142855,query_1,['REAC:R-HSA-9762292']
REAC,REAC:R-HSA-9764302,Regulation of CDH19 Expression and Function,0.03147780388737508,True,Regulation of CDH19 Expression and Function,7,143,3,11004,0.02097902097902098,0.42857142857142855,query_1,['REAC:R-HSA-9764260']
REAC,REAC:R-HSA-163210,Formation of ATP by chemiosmotic coupling,0.03157659612564732,True,Formation of ATP by chemiosmotic coupling,18,143,4,11004,0.027972027972027972,0.2222222222222222,query_1,['REAC:R-HSA-1428517']
GO:MF,GO:0046983,protein dimerization activity,0.03165297242260551,True,"""The formation of a protein dimer, a macromolecular structure consists of two noncovalently associated identical or nonidentical subunits."" [ISBN:0198506732]",1126,190,25,20246,0.13157894736842105,0.022202486678507993,query_1,['GO:0005515']
GO:MF,GO:0003954,NADH dehydrogenase activity,0.03166040042273576,True,"""Catalysis of the reaction: NADH + H+ + acceptor = NAD+ + reduced acceptor."" [RHEA:11356]",44,190,5,20246,0.02631578947368421,0.11363636363636363,query_1,['GO:0016651']
GO:CC,GO:0099503,secretory vesicle,0.03311293554537834,True,"""A cytoplasmic, membrane bound vesicle that is capable of fusing to the plasma membrane to release its contents into the extracellular space."" [GOC:dos]",1099,194,23,22149,0.11855670103092783,0.020928116469517744,query_1,['GO:0031410']
GO:BP,GO:0044093,positive regulation of molecular function,0.03433680852948777,True,"""Any process that activates or increases the rate or extent of a molecular function, an elemental biological activity occurring at the molecular level, such as catalysis or binding."" [GO:jl]",884,190,22,21026,0.11578947368421053,0.024886877828054297,query_1,['GO:0065009']
GO:CC,GO:0045275,respiratory chain complex III,0.034554481646922874,True,"""A protein complex that transfers electrons from ubiquinol to cytochrome c and translocates two protons across a membrane. The complex contains a core structure of three catalytic subunits: cytochrome b, the Rieske iron sulfur protein (ISP), and cytochrome c1, which are arranged in an integral membrane-bound dimeric complex; additional subunits are present, and vary among different species."" [PMID:16228398, PMID:16352458, PMID:17200733]",11,194,3,22149,0.015463917525773196,0.2727272727272727,query_1,"['GO:0070069', 'GO:0098803', 'GO:1902495', 'GO:1990204']"
REAC,REAC:R-HSA-2029480,Fcgamma receptor (FCGR) dependent phagocytosis,0.036959605301452224,True,Fcgamma receptor (FCGR) dependent phagocytosis,140,143,9,11004,0.06293706293706294,0.06428571428571428,query_1,['REAC:R-HSA-168249']
REAC,REAC:R-HSA-5627117,RHO GTPases Activate ROCKs,0.03959470924709462,True,RHO GTPases Activate ROCKs,19,143,4,11004,0.027972027972027972,0.21052631578947367,query_1,['REAC:R-HSA-195258']
GO:BP,GO:0006915,apoptotic process,0.03997710247164279,True,"""A programmed cell death process which begins when a cell receives an internal (e.g. DNA damage) or external signal (e.g. an extracellular death ligand), and proceeds through a series of biochemical events (signaling pathway phase) which trigger an execution phase. The execution phase is the last step of an apoptotic process, and is typically characterized by rounding-up of the cell, retraction of pseudopodes, reduction of cellular volume (pyknosis), chromatin condensation, nuclear fragmentation (karyorrhexis), plasma membrane blebbing and fragmentation of the cell into apoptotic bodies. When the execution phase is completed, the cell has died."" [GOC:cjm, GOC:dhl, GOC:ecd, GOC:go_curators, GOC:mtg_apoptosis, GOC:tb, ISBN:0198506732, PMID:18846107, PMID:21494263]",1923,190,36,21026,0.18947368421052632,0.0187207488299532,query_1,['GO:0012501']
GO:BP,GO:0030833,regulation of actin filament polymerization,0.04352319683622529,True,"""Any process that modulates the frequency, rate or extent of the assembly of actin filaments by the addition of actin monomers to a filament."" [GOC:mah]",128,190,8,21026,0.042105263157894736,0.0625,query_1,"['GO:0008064', 'GO:0030041', 'GO:0032271']"
GO:CC,GO:0030057,desmosome,0.04360937859742566,True,"""A cell-cell junction in which: on the cytoplasmic surface of each interacting plasma membrane is a dense plaque composed of a mixture of intracellular anchor proteins; a bundle of keratin intermediate filaments is attached to the surface of each plaque; transmembrane adhesion proteins of the cadherin family bind to the plaques and interact through their extracellular domains to hold the adjacent membranes together by a Ca2+-dependent mechanism."" [GOC:mah, GOC:mtg_muscle, ISBN:0815332181]",30,194,4,22149,0.020618556701030927,0.13333333333333333,query_1,['GO:0005911']
GO:BP,GO:0042221,response to chemical,0.04528968587452943,True,"""Any process that results in a change in state or activity of a cell or an organism (in terms of movement, secretion, enzyme production, gene expression, etc.) as a result of a chemical stimulus."" [GOC:jl]",3909,190,59,21026,0.3105263157894737,0.015093374264517779,query_1,['GO:0050896']
REAC,REAC:R-HSA-9658195,Leishmania infection,0.04627426199715119,True,Leishmania infection,214,143,11,11004,0.07692307692307693,0.0514018691588785,query_1,['REAC:R-HSA-9824443']
REAC,REAC:R-HSA-9824443,Parasitic Infection Pathways,0.04627426199715119,True,Parasitic Infection Pathways,214,143,11,11004,0.07692307692307693,0.0514018691588785,query_1,['REAC:R-HSA-5663205']
GO:BP,GO:0061337,cardiac conduction,0.0464651971449721,True,"""Transfer of an organized electrical impulse across the heart to coordinate the contraction of cardiac muscles. The process begins with generation of an action potential (in the sinoatrial node (SA) in humans) and ends with a change in the rate, frequency, or extent of the contraction of the heart muscles."" [GOC:dph]",94,190,7,21026,0.03684210526315789,0.07446808510638298,query_1,['GO:0008016']
GO:CC,GO:0042995,cell projection,0.048475314315933805,True,"""A prolongation or process extending from a cell, e.g. a flagellum or axon."" [GOC:jl, PMID:16318917]",2441,194,39,22149,0.20103092783505155,0.015977058582548137,query_1,['GO:0110165']
GO:CC,GO:0030141,secretory granule,0.04857117278311054,True,"""A small subcellular vesicle, surrounded by a membrane, that is formed from the Golgi apparatus and contains a highly concentrated protein destined for secretion. Secretory granules move towards the periphery of the cell and upon stimulation, their membranes fuse with the cell membrane, and their protein load is exteriorized. Processing of the contained protein may take place in secretory granules."" [GOC:mah, ISBN:0198506732]",907,194,20,22149,0.10309278350515463,0.022050716648291068,query_1,"['GO:0012505', 'GO:0099503']"
GO:BP,GO:0060440,trachea formation,0.04950424687650654,True,"""The process pertaining to the initial formation of a trachea from unspecified parts. The process begins with the specific processes that contribute to the appearance of the discrete structure and ends when the trachea is recognizable. The trachea is the portion of the airway that attaches to the bronchi as it branches."" [GOC:dph]",7,190,3,21026,0.015789473684210527,0.42857142857142855,query_1,"['GO:0048645', 'GO:0060439']"
GO:BP,GO:0106001,intestinal hexose absorption,0.04950424687650654,True,"""Uptake of hexoses, notably D-glucose, fructose, and galactose, into the blood by absorption from the small intestine."" [GOC:hjd]",7,190,3,21026,0.015789473684210527,0.42857142857142855,query_1,['GO:0050892']
GO:BP,GO:0086042,cardiac muscle cell-cardiac muscle cell adhesion,0.04950424687650654,True,"""The attachment of one cardiomyocyte to another cardiomyocyte via adhesion molecules."" [GOC:BHF, GOC:mtg_cardiac_conduct_nov11]",7,190,3,21026,0.015789473684210527,0.42857142857142855,query_1,['GO:0034109']
GO:BP,GO:0070358,actin polymerization-dependent cell motility,0.04950424687650654,True,"""A process involved in the controlled movement of a bacterial cell powered by the continuous polymerization of actin at one pole of the cell."" [GOC:mah, PMID:15773977]",7,190,3,21026,0.015789473684210527,0.42857142857142855,query_1,['GO:0048870']
GO:CC,GO:0016342,catenin complex,0.049728645410175576,True,"""Complex of peripheral cytoplasmic proteins (alpha-, beta- and gamma-catenin) that interact with the cytoplasmic region of uvomorulin/E-cadherin to connect it to the actin cytoskeleton."" [ISBN:0198599323]",31,194,4,22149,0.020618556701030927,0.12903225806451613,query_1,"['GO:0019897', 'GO:0098797']"
